rms_ch_0,rms_ch_1,rms_ch_2,rms_ch_3,rms_ch_4,rms_ch_5,rms_ch_6,rms_ch_7,rms_ch_8,rms_ch_9,rms_ch_10,rms_ch_11,rms_ch_12,rms_ch_13,rms_ch_14,rms_ch_15,gesture
5.4621425,9.250946,2.383275,1.5763882,1.3472193,1.1575837,1.4696939,3.8098557,2.5758495,4.014972,1.7190113,1.5132746,1.4142135,1.4370108,1.5116217,2.0880613,REST
5.0189643,6.3792634,2.0024984,1.5524175,1.317194,1.161895,1.4577379,3.2116973,2.1908903,2.6944387,1.6109004,1.4422204,1.3910427,1.421267,1.4983324,2.0236106,REST
4.865696,2.9991665,1.8506756,1.5411035,1.3416407,1.1916375,1.4265343,3.3007576,2.1,2.2759614,1.6248077,1.4491377,1.4124447,1.4017845,1.4849242,1.9157244,REST
4.13884,2.930017,1.7986106,1.5231546,1.3304135,1.1916375,1.459452,3.7161808,3.2093613,3.1241,1.6186414,1.4456832,1.4177446,1.4,1.5508063,1.9078784,REST
4.107919,3.1257,1.852026,1.5132746,1.371131,1.24499,1.471394,3.7047267,3.3488805,3.6276715,1.6186414,1.4456832,1.423025,1.4247807,1.5748016,1.8668154,REST
4.8584976,3.0919251,1.8493242,1.4404861,1.356466,1.2489996,1.454304,3.9912405,3.383046,3.6448593,1.5732132,1.4916433,1.4106736,1.4387494,1.534601,1.8425525,REST
5.2139235,3.0413814,1.7776389,1.459452,1.3057564,1.2308533,1.419507,3.8288379,3.4241788,3.5993054,1.5378556,1.554027,1.3674794,1.4387494,1.56205,1.8547237,REST
5.0229473,2.3874671,1.6955825,1.4916433,1.3133925,1.2349089,1.3946326,3.369718,2.4576411,2.7046256,1.5572411,1.596872,1.4696939,1.4662879,1.4370108,1.7832555,REST
5.2215896,2.0856652,1.6340135,1.4474115,1.2825755,1.2961481,1.3435029,3.3361654,2.0892582,1.8748333,1.5716233,1.6062378,1.4747881,1.4071248,1.4106736,1.8275666,REST
4.7333922,2.017424,1.4949917,1.5066519,1.2980754,1.2961481,1.2747549,3.3451457,1.9924859,1.5636495,1.5443445,1.5572411,1.4899665,1.4017845,1.4508618,1.8601075,REST
4.584212,2.0940392,1.5394804,1.4781746,1.328533,1.3247641,1.2825755,3.5468295,1.9912307,1.5443445,1.555635,1.5049918,1.4696939,1.4159802,1.430035,1.8574176,REST
4.760252,2.046949,1.6170962,1.3820275,1.286468,1.3619839,1.2041595,3.6283605,1.9455076,1.5716233,1.5033296,1.4282857,1.3856406,1.4124447,1.4933184,1.8,REST
4.2555847,1.9987496,1.6109004,1.4035668,1.2806249,1.264911,1.2922847,3.7583241,1.942936,1.5588458,1.4849242,1.421267,1.371131,1.4933184,1.5116217,1.7663522,REST
4.3857727,2.1319005,1.6792855,1.336039,1.2825755,1.2489996,1.3076696,3.940812,1.9634154,1.5427248,1.5033296,1.4247807,1.3802173,1.4508618,1.5362291,1.8316659,REST
4.3714986,2.1633308,1.6703293,1.2884098,1.3019217,1.2186058,1.3379087,3.9768076,1.9899749,1.5874507,1.4645818,1.3784049,1.352775,1.4933184,1.5297059,1.8452642,REST
4.8497424,2.2770596,1.5827192,1.3038405,1.3038405,1.2247449,1.3583078,4.08901,2.0310097,1.596872,1.496663,1.3583078,1.3114877,1.5329709,1.566844,1.9672315,REST
2.5855367,6.5176682,1.9467922,1.4106736,1.2806249,1.2529964,1.317194,2.6767519,1.776232,5.1512136,1.9403608,1.5280707,1.3619839,1.454304,1.4781746,1.7663522,REST
2.2825425,6.4942284,1.762101,1.371131,1.2429802,1.2206556,1.2389512,2.2989128,1.6124516,2.0964255,1.5215124,1.4265343,1.3674794,1.3910427,1.43527,1.7874563,REST
2.3874671,6.4896073,1.7691807,1.2903488,1.2469964,1.2569805,1.2629331,1.9013153,1.6248077,2.0297782,1.4696939,1.423025,1.3928388,1.3874437,1.4577379,1.7649362,REST
2.4433582,6.4923034,1.7435596,1.2786711,1.2529964,1.2922847,1.286468,1.8748333,1.6462078,2.037155,1.4628739,1.3546218,1.37659,1.3802173,1.4611639,1.7378147,REST
2.4576411,2.2792542,1.4508618,1.195826,1.2589679,1.264911,1.2489996,1.4404861,1.5394804,1.5508063,1.4456832,1.372953,1.3416407,1.3509257,1.430035,1.7464249,REST
2.5894015,1.8748333,1.471394,1.2369317,1.2786711,1.2806249,1.2369317,1.4815532,1.4849242,1.5215124,1.43527,1.371131,1.3693064,1.36565,1.3583078,1.6217275,REST
2.5317976,1.852026,1.5083103,1.2409674,1.2708265,1.2884098,1.2083046,1.4679918,1.459452,1.5313393,1.4525839,1.3341664,1.37659,1.3946326,1.317194,1.5921683,REST
5.56956,2.0037465,1.5427248,1.2767146,1.2786711,1.3114877,1.2429802,2.462722,1.4815532,1.555635,1.4815532,1.471394,1.3802173,1.3910427,1.371131,1.776232,REST
5.67186,1.9157244,1.5572411,1.286468,1.3095801,1.3133925,1.2328827,2.5258663,1.5297059,1.5149257,1.4747881,1.4866068,1.4282857,1.43527,1.4628739,1.8343936,REST
5.7109547,1.8138357,1.5313393,1.3019217,1.2980754,1.3209845,1.2429802,2.5,1.5,1.4781746,1.4949917,1.496663,1.4089003,1.4106736,1.4474115,1.8668154,REST
5.724509,1.8493242,1.4696939,1.372953,1.3304135,1.2767146,1.2186058,2.48998,1.5378556,1.4662879,1.5083103,1.5132746,1.3693064,1.4035668,1.459452,1.8466185,REST
2.8991377,1.6278821,1.3838352,1.3490738,1.2429802,1.2165525,1.1683321,1.5459626,1.4764823,1.4949917,1.5016658,1.4456832,1.423025,1.4071248,1.37659,1.7190113,REST
2.6143832,1.6970563,1.3583078,1.3228756,1.264911,1.1979148,1.2267845,1.4124447,1.4474115,1.471394,1.4882876,1.4265343,1.3490738,1.3416407,1.3038405,1.6822604,REST
2.4454038,1.7406895,1.3820275,1.2629331,1.2308533,1.172604,1.2247449,1.4645818,1.5033296,1.473092,1.4611639,1.4,1.3619839,1.3304135,1.3304135,1.6155494,REST
2.339872,1.7029387,1.3472193,1.2549901,1.1575837,1.1811012,1.2806249,1.4611639,1.4628739,1.5329709,1.4525839,1.4142135,1.3416407,1.3341664,1.3114877,1.6446884,REST
4.117645,16.210953,4.2261095,1.6462078,2.0736442,2.6925824,6.922066,3.9736633,7.5917716,11.357157,2.4,1.8069311,2.4969983,7.703571,6.477268,2.2847319,INDEX FLEXION
4.5022216,18.78896,4.592385,1.9570385,2.4919872,2.9891472,8.506174,4.501111,7.297945,12.976132,3.2349653,1.9532025,2.791057,9.175511,7.6576757,2.3248656,INDEX FLEXION
5.867708,21.66218,8.750143,2.9664795,3.6857834,3.9147158,10.355916,5.111751,10.634143,18.572695,3.8942266,2.3579652,4.4988885,11.913228,10.4028845,2.7166157,INDEX FLEXION
6.61589,23.93627,9.753717,3.1384711,3.9956226,4.077377,12.400806,5.707013,12.34423,20.019615,4.339355,2.6739485,5.308013,13.095419,11.536247,2.9094672,INDEX FLEXION
7.4104657,26.21507,10.591978,3.3384128,4.2520585,4.0675545,12.427993,5.8129168,13.118117,20.682482,4.9734297,3.027375,5.416179,13.469967,12.22436,3.2840524,INDEX FLEXION
7.645914,26.60545,11.058933,3.2480764,4.040421,3.951582,12.684045,5.7879186,13.746818,20.767403,4.5961943,3.0463092,5.4726596,13.435587,13.101526,3.408812,INDEX FLEXION
7.209716,24.762877,8.195121,2.426932,3.0757113,3.1551545,12.995384,5.665245,12.345647,16.545393,4.236744,2.8222332,4.506662,11.96265,12.4978,3.434385,INDEX FLEXION
6.711185,22.992064,7.113719,2.2449944,2.5680733,2.829311,11.533213,5.658622,11.02225,14.139837,3.6945906,2.523886,3.5825968,10.580643,12.883323,3.2465365,INDEX FLEXION
6.192334,20.644007,5.968668,1.9824228,1.9052559,2.748636,11.917844,5.7467384,10.337795,12.877111,2.5806975,2.1,3.3211443,9.817077,13.692333,3.0323257,INDEX FLEXION
5.790941,18.19684,4.5227203,1.8425525,1.933908,2.832843,11.588356,5.5924053,9.28278,11.007043,2.431049,2.0012496,3.1208973,9.124692,13.2433,3.0049958,INDEX FLEXION
5.3221235,14.666629,3.9949968,1.7790446,1.8371173,2.758623,10.299515,5.640922,7.6746335,8.661697,2.0940392,1.8234583,2.6617663,8.018728,13.779332,2.832843,INDEX FLEXION
5.097058,11.58253,3.550352,1.6763054,1.7363756,2.5903668,9.708501,5.0304074,6.6801944,10.096534,4.180311,1.9078784,2.2649503,7.835496,12.618439,2.7367864,INDEX FLEXION
4.5907516,9.641836,2.9656365,1.5921683,1.5811388,2.4505103,8.288547,4.679209,4.9477267,11.199777,5.211046,1.954482,2.1177819,7.5029993,10.063299,2.4647515,INDEX FLEXION
4.2848573,5.7693152,2.688866,1.5033296,1.4,2.1897488,7.2649846,4.5513735,4.0187063,12.1445465,5.6453524,1.9052559,1.9874607,7.1421285,9.559812,2.2203603,INDEX FLEXION
9.923457,28.913664,9.358418,2.8266587,1.7088008,1.6462078,2.1725562,5.996249,5.9274783,16.473007,4.5491757,1.9646883,1.4983324,2.013703,2.6823497,2.3216374,REST
10.412972,25.603907,8.81164,2.6786191,1.7102631,1.5491934,2.0976176,5.9460073,5.762378,14.198239,2.641969,1.7248188,1.4628739,1.6431677,1.6822604,2.2616365,REST
9.886607,23.480843,7.138627,2.3558438,1.6263456,1.5378556,2.5495098,6.065888,4.4654226,13.318972,2.3280895,1.6777962,1.4177446,2.7856777,2.2315915,2.4300206,REST
9.473384,19.259672,5.8830266,1.951922,1.5427248,1.5099669,2.5592968,6.0609407,3.992493,11.589435,2.0976176,1.6507574,1.419507,2.758623,2.2549944,2.4135036,REST
9.3,19.557991,5.526301,1.9196354,1.5313393,1.473092,2.4566236,6.288084,3.6207733,10.548223,2.03347,1.5700318,1.4916433,2.7468164,2.2427661,2.5079873,REST
8.188101,19.602041,4.6674404,1.7944359,1.5066519,1.4335271,2.3505318,5.9895744,2.7676704,9.382164,1.8207141,1.56205,1.5083103,2.7649593,2.182888,2.4718413,REST
7.9921837,19.631353,4.5907516,1.8,1.5149257,1.3747727,1.6613247,5.7445626,2.74135,8.374963,1.7435596,1.4764823,1.4747881,1.4983324,1.5921683,2.2327113,REST
7.961784,19.263697,4.562346,1.7846568,1.5411035,1.3838352,1.6431677,5.8309517,2.4052026,7.5538073,1.7449929,1.4439529,1.4560219,1.4916433,1.5524175,2.1931713,REST
7.7846003,19.729673,4.347988,1.7088008,1.5198684,1.317194,1.5827192,6.1163716,2.53081,6.8139563,1.7421252,1.3838352,1.4124447,1.4577379,1.6477257,2.228228,REST
7.767239,18.717371,3.9414463,1.6926311,1.4106736,1.3133925,1.5763882,6.1306605,2.4566236,5.27731,1.7478559,1.4265343,1.3784049,1.3820275,1.6492423,2.1633308,REST
7.699675,16.259151,3.5672119,1.6294171,1.371131,1.3076696,1.6522712,6.262986,2.4197106,5.223026,1.7860571,1.473092,1.4282857,1.3619839,1.67332,2.1260293,REST
7.7846003,15.555385,3.1670175,1.6093477,1.3601471,1.3190906,1.6093477,6.1810193,2.406242,4.8887625,1.6970563,1.5427248,1.4404861,1.3472193,1.6217275,2.0904546,REST
7.470609,11.131038,2.5602734,1.5842979,1.4035668,1.3095801,1.6046807,5.7883506,2.013703,3.7027018,1.6507574,1.6232682,1.4265343,1.3152946,1.5700318,1.9403608,REST
8.277379,8.342961,2.3119256,1.6598192,1.4798648,1.3583078,1.6186414,5.897457,2.8451715,3.4568772,1.6537836,1.6248077,1.423025,1.3133925,1.5953057,2.0285463,REST
8.543712,7.659634,2.228228,1.6837459,1.4866068,1.3416407,1.6031219,5.721451,2.8026774,2.5426364,1.6077936,1.6,1.371131,1.2903488,1.6201851,2.1931713,REST
9.156145,10.492855,2.8653097,1.7691807,1.4764823,1.3435029,1.6673332,5.86643,5.7580376,3.6489725,1.7492856,1.6124516,1.3266499,1.3490738,1.6777962,2.2781572,REST
9.870411,16.37376,5.511352,2.09165,1.5016658,1.473092,1.7720045,5.716205,7.541883,8.037724,3.647602,1.8261982,1.3490738,1.37659,1.6777962,2.392697,REST
7.8863807,20.553709,5.566417,1.8774984,1.3874437,1.5491934,1.7306068,5.3684263,3.3555925,12.279861,3.103224,1.473092,1.5329709,1.948076,2.606722,2.1954498,REST
7.6055903,19.464582,4.388052,1.6941074,1.3490738,1.430035,1.5905974,5.027425,2.8044608,8.087646,1.8774984,1.4265343,1.4747881,1.5459626,1.6552945,2.1095023,REST
7.7942286,19.097775,3.7443292,1.566844,1.3583078,1.371131,1.5732132,5.4111,2.455606,6.136367,1.781853,1.4422204,1.4335271,1.4106736,1.6232682,2.1424286,REST
7.1421285,18.28483,3.6803532,1.5874507,1.4265343,1.3416407,1.5411035,5.3051863,2.2505555,6.0016665,1.67332,1.5411035,1.430035,1.4508618,1.5811388,2.017424,REST
6.8698616,18.999342,3.7589893,1.6015618,1.371131,1.3435029,1.4983324,5.189412,2.182888,6.2609906,1.6881943,1.5491934,1.37659,1.4474115,1.5795568,1.9962465,REST
6.989635,16.903107,3.4029398,1.5508063,1.3416407,1.3114877,1.5049918,5.1739736,2.197726,6.153048,1.6431677,1.5732132,1.3838352,1.4747881,1.554027,1.8986838,REST
6.1457305,15.353664,3.4146743,1.5132746,1.3322912,1.3000001,1.4508618,4.650269,2.285826,6.611354,1.6309507,1.5182227,1.4124447,1.454304,1.524795,1.8371173,REST
6.199597,14.751271,3.1583223,1.4815532,1.2549901,1.2767146,1.4422204,5.064583,2.3611438,6.965989,1.6477257,1.4560219,1.36565,1.4177446,1.5362291,1.8248287,REST
6.318623,13.504999,3.1168895,1.4849242,1.2267845,1.2206556,1.4747881,4.944694,2.4010415,6.88767,1.6462078,1.4577379,1.3619839,1.3802173,1.4764823,1.7421252,REST
5.4516053,13.718966,3.1591136,1.4933184,1.2328827,1.2884098,1.5016658,5.2033644,2.4849548,7.1989584,1.7088008,1.419507,1.3546218,1.3416407,1.4106736,1.7734147,REST
5.217279,15.62306,3.2878566,1.5572411,1.2845232,1.264911,1.5,5.1146846,2.4382372,6.5871086,1.6867127,1.4491377,1.328533,1.3435029,1.454304,1.9157244,REST
5.151699,15.577548,3.2794816,1.5827192,1.3304135,1.3000001,1.5231546,4.9859805,2.42384,6.39492,1.7058722,1.4474115,1.3638182,1.3247641,1.4645818,2.0223749,REST
4.4575777,14.663219,3.177263,1.5604486,1.3982131,1.3490738,1.454304,4.853864,2.426932,6.088514,1.6941074,1.454304,1.4387494,1.3509257,1.4916433,2.0940392,REST
4.8651824,13.887224,3.026549,1.5215124,1.396424,1.317194,1.3910427,4.7154,2.3248656,5.2062464,1.6970563,1.459452,1.4422204,1.3838352,1.5313393,2.152905,REST
4.9117208,10.12571,2.5932605,1.5524175,1.3928388,1.3341664,1.4106736,4.88467,2.2505555,4.356604,1.6385969,1.4899665,1.4798648,1.356466,1.4916433,2.0506096,REST
4.5216146,8.659388,2.4207437,1.4983324,1.4106736,1.3019217,1.4577379,4.8959165,2.1213202,3.2116973,1.67332,1.5524175,1.4508618,1.3619839,1.4798648,1.9899749,REST
11.539281,26.035072,12.031001,4.586938,6.4416614,27.252615,19.88957,7.9318976,14.863042,15.772127,4.807806,3.9179077,12.299593,27.068893,5.4267855,4.1255302,RING FLEXION
11.865075,32.02858,15.281198,5.436451,8.041455,33.502388,25.96411,8.630469,17.655453,21.013687,5.916925,5.921149,16.611443,36.874382,8.085172,4.935585,RING FLEXION
10.582533,34.875996,15.839192,5.51498,9.079372,35.601826,27.873375,8.77069,17.555199,25.02119,6.8487225,6.3792634,19.400517,41.9074,9.021917,5.2649784,RING FLEXION
10.934349,36.983036,17.145699,5.5538273,10.01399,34.418453,28.248539,8.397321,17.744858,27.00935,6.965271,6.3505907,20.842144,43.408928,8.8926935,5.0472765,RING FLEXION
10.835589,36.88184,16.35665,5.5650697,8.812775,30.854984,24.641531,7.754676,16.87987,26.169256,7.563399,5.9883223,20.602427,40.456394,8.142174,4.8584976,RING FLEXION
10.462314,34.453953,14.152385,4.684549,8.448964,27.24445,19.690735,7.191662,14.287057,22.849726,6.909414,4.374357,19.005,35.128834,5.7930994,4.244997,RING FLEXION
10.334892,32.83923,13.901619,4.772316,8.455768,23.96101,18.0143,6.971729,12.850681,19.136353,6.115145,4.3863425,18.486076,31.829075,4.613025,3.8903728,RING FLEXION
9.585667,32.082237,13.128976,4.78905,8.168843,22.844364,15.384733,7.848885,11.883182,18.396196,5.986652,4.505552,17.559044,26.6763,4.4827447,4.058325,RING FLEXION
9.223069,29.397959,11.379587,4.4777226,8.236504,18.742065,13.086635,7.715893,11.409864,17.017197,4.6179,4.2272925,16.152554,23.382364,4.121893,3.8878014,RING FLEXION
8.928045,26.951902,10.2881,4.4743714,7.216301,13.159597,10.319157,7.319836,10.87658,17.75331,5.1439285,4.1743264,16.00578,17.685728,3.6469166,3.766298,RING FLEXION
7.256721,4.6103144,3.1811948,3.2893767,1.7888544,1.5132746,1.6881943,5.331979,4.5563145,3.0372686,2.3259406,1.6911534,1.5066519,1.5874507,1.704406,2.606722,REST
7.1087976,2.9857998,3.1968734,3.0943496,1.7204651,1.4247807,1.6062378,5.4470177,2.931723,2.215852,2.0772579,1.668832,1.4832398,1.471394,1.6807736,2.541653,REST
6.902898,2.8337255,3.1264997,2.8469281,1.6822604,1.3619839,1.5763882,5.483612,2.406242,1.9196354,2.04939,1.6232682,1.4849242,1.421267,1.6807736,2.4789112,REST
6.6951475,2.6580067,2.842534,2.548529,1.6324828,1.5763882,1.4916433,5.283938,2.2836375,1.9065676,1.9183326,1.6046807,1.6,1.430035,1.5524175,2.3874671,REST
5.9232593,2.5109758,2.504995,2.3130066,1.6077936,1.6568041,1.5182227,5.250238,2.3151674,1.8721646,1.8947295,1.6507574,1.8248287,1.459452,1.5491934,2.302173,REST
5.9063525,2.3727622,2.2693613,2.1679482,1.5811388,1.8506756,1.5116217,5.167688,2.4677925,1.7776389,1.9157244,1.6385969,1.8761663,1.471394,1.5394804,2.442335,REST
6.109419,2.329163,2.2461078,2.1,1.534601,1.8734994,1.6077936,5.1990385,2.38642,1.8330302,1.9287301,1.7088008,1.8425525,1.4645818,1.5700318,2.4072807,REST
8.97775,14.571205,5.4428854,2.4248712,3.7636418,22.803179,19.34412,7.137927,10.767776,15.867419,5.7389026,3.4885528,9.080198,26.898514,5.073953,3.9786932,RING FLEXION
8.704884,16.531485,5.891519,2.5039968,4.45926,27.813665,21.416466,7.4343796,11.109006,17.015728,5.992495,4.1605287,11.668119,34.233536,6.124541,4.1460824,RING FLEXION
8.126192,17.617462,7.102464,2.4959967,5.697807,30.276476,23.11677,7.4097905,9.666954,15.775139,5.010489,4.354308,13.4378195,40.392822,6.752407,4.007493,RING FLEXION
9.552486,21.187733,8.599419,2.7018514,6.4303966,30.954159,25.66301,7.4786363,10.255974,17.271942,5.17059,4.6914816,14.753136,43.99869,7.595393,4.2243342,RING FLEXION
10.029955,22.262411,9.196466,2.9291637,7.0210395,30.080393,25.998943,7.7022724,12.237238,16.78943,5.234501,4.7660255,15.9471,45.131695,7.7781744,4.3583255,RING FLEXION
10.191909,22.160212,9.3,2.8930953,7.0700073,25.878466,24.155952,7.315053,12.474374,16.488329,5.3,4.738143,16.539045,45.25235,7.3983107,4.3640575,RING FLEXION
10.022474,20.004625,7.8724203,2.855696,6.564678,23.900522,22.167883,6.881497,12.219247,15.644648,5.001,4.6898828,16.85764,40.06401,6.5806537,4.0459857,RING FLEXION
8.414867,17.035992,6.7793803,2.7138534,5.9455867,20.945286,18.704813,6.8410525,11.933775,15.362617,4.774411,4.7026587,18.149517,35.696777,6.024533,4.0601726,RING FLEXION
7.3661385,19.259802,6.6430416,2.6842132,5.0393453,17.76626,14.948411,7.578918,10.383882,16.460255,4.5271406,4.4961095,17.180656,30.817284,5.5118055,3.9268308,RING FLEXION
7.9117002,19.341795,6.4011717,2.9991665,4.3289723,16.087107,13.131641,7.540889,10.081419,18.529707,4.6706533,4.028027,14.955601,21.4758,4.9249363,3.7249162,RING FLEXION
9.039911,22.494999,7.3157363,3.585387,3.1144822,8.037413,7.83422,7.7974353,11.0097685,19.423311,4.460381,3.354102,11.546211,12.880218,3.7275999,3.6124785,RING FLEXION
8.126807,10.696261,3.2977264,2.0359273,4.554668,18.385048,14.6841755,5.7866225,10.718908,7.2325654,2.8398943,3.1257,9.215748,24.801613,4.4754887,3.1638584,RING FLEXION
10.126945,16.142645,5.439669,2.427962,7.1470275,26.803358,18.230743,6.4737935,13.061202,17.96747,4.5787554,4.592385,13.676439,34.72679,6.068361,4.263801,RING FLEXION
12.607537,21.910158,7.5079956,3.0323257,9.689169,33.750927,25.77237,7.4195685,14.767532,25.648392,5.7636795,6.511144,20.608614,41.866215,9.343715,5.414333,RING FLEXION
13.653388,27.298534,9.130991,3.4416566,10.696027,36.747925,27.566011,8.160576,15.246967,34.124184,6.9494605,7.7752814,26.35204,47.795345,10.26718,5.974948,RING FLEXION
13.940767,30.454638,9.702319,3.7329614,11.654398,39.680412,29.72112,8.91179,14.335969,36.496437,7.178788,8.133573,27.8443,50.386703,10.428327,6.2625875,RING FLEXION
13.586942,30.915207,8.961027,3.4380226,11.391444,36.725468,28.247654,9.09258,13.117927,34.481373,6.695521,7.999687,28.655977,47.900833,10.268641,6.0497932,RING FLEXION
11.955333,27.946466,7.4141755,3.0033317,10.495475,31.680593,21.972939,8.761849,11.490648,31.74492,6.0024996,6.9115844,25.433344,43.124588,7.4501677,5.212485,RING FLEXION
10.844584,25.191666,8.473488,3.3203914,10.198284,26.703184,18.879354,8.655057,10.553199,25.933664,4.8626127,5.73498,21.132914,35.989235,6.227359,4.869805,RING FLEXION
9.99725,22.43056,8.419917,3.846427,8.345957,21.142965,14.622585,8.138489,10.872672,24.776299,4.661545,5.053217,18.831755,29.307934,5.6837487,4.7095647,RING FLEXION
9.089555,20.48292,8.455768,4.3150897,6.694774,16.841911,12.228042,7.2342935,10.881636,25.032179,4.431704,4.1340055,14.291781,21.31971,4.2555847,4.198809,RING FLEXION
8.921884,19.914694,8.494116,4.4288826,4.539824,12.659384,8.75871,7.0320697,13.359454,24.148705,4.389761,3.487836,11.595689,14.869264,3.7027018,4.192255,RING FLEXION
8.123731,4.3387785,2.1201415,1.6477257,1.4142135,1.3892444,1.5984367,6.6944003,4.982971,5.2235045,2.059126,1.7578396,1.4508618,1.459452,1.7277153,2.532785,REST
7.125307,3.6469166,2.044505,1.524795,1.3583078,1.3583078,1.5475787,6.0580525,4.1533117,3.7629776,1.9170289,1.6777962,1.4177446,1.4370108,1.7449929,2.460691,REST
7.0547857,3.5021422,2.0,1.5684388,1.3982131,1.3583078,1.5149257,5.910584,3.7222304,3.4197953,1.9710404,1.6248077,1.4177446,1.4404861,1.7248188,2.3706539,REST
6.4633584,3.472031,2.0868638,1.56205,1.36565,1.3802173,1.5083103,5.8103356,3.7828562,3.566511,1.9078784,1.6031219,1.3583078,1.43527,1.7464249,2.383275,REST
6.3560996,3.5291643,2.2248595,1.6385969,1.3247641,1.3379087,1.5684388,5.6890244,3.7589893,3.6721928,1.9608672,1.6446884,1.3784049,1.4422204,1.8041619,2.3227139,REST
6.309517,3.2365105,2.1988633,1.7846568,1.3435029,1.3322912,1.6186414,5.626722,3.8216488,3.9962482,1.8986838,1.6598192,1.3638182,1.3982131,1.7734147,2.2693613,REST
6.2084618,3.0487702,2.2102036,1.7535678,1.2922847,1.3379087,1.6658331,5.838664,3.9446166,4.058941,1.8960485,1.6777962,1.4071248,1.4335271,1.6807736,2.252776,REST
6.3835726,2.9512708,2.0820663,1.7320508,1.3509257,1.260952,1.6201851,5.660389,4.0902324,4.140652,1.9646883,1.6583124,1.3856406,1.3802173,1.6492423,2.209072,REST
6.8055124,2.8879058,2.0112185,1.6911534,1.3747727,1.294218,1.6598192,5.526753,4.2544093,4.346838,1.9506409,1.5732132,1.3802173,1.372953,1.5763882,2.1377559,REST
6.861851,3.0454884,2.1330729,1.596872,1.3982131,1.2903488,1.5215124,5.3521023,4.2326117,4.1024384,1.9390719,1.5604486,1.4317821,1.3546218,1.5572411,2.209072,REST
6.9238715,3.0594118,2.1201415,1.554027,1.3820275,1.3322912,1.4866068,5.363767,4.204759,3.9503164,1.8920888,1.5033296,1.3747727,1.3133925,1.5313393,2.1886067,REST
6.958089,2.9941611,2.0892582,1.5652477,1.3057564,1.3802173,1.4645818,5.393978,3.9465175,3.607631,1.8841443,1.4662879,1.4089003,1.336039,1.5016658,2.184033,REST
6.6580777,3.1835515,2.0285463,1.5099669,1.356466,1.3379087,1.37659,5.663921,3.8929422,3.502856,1.8179659,1.471394,1.4035668,1.371131,1.5572411,2.3075962,REST
6.635887,2.9487286,1.9595917,1.6140013,1.3874437,1.3619839,1.4577379,5.7497826,3.77293,3.306055,1.8947295,1.5231546,1.405347,1.430035,1.5795568,2.3366642,REST
6.350984,2.946184,1.9352002,1.6703293,1.4247807,1.356466,1.4106736,5.3981476,3.691883,3.3279123,1.8814888,1.5953057,1.3910427,1.3874437,1.5890249,2.345208,REST
6.142068,3.083018,2.046949,1.7378147,1.5033296,1.4089003,1.4577379,5.2915025,3.981206,3.7775655,1.8748333,1.6170962,1.3982131,1.4106736,1.6170962,2.3748684,REST
6.2593927,3.0626786,2.10119,1.7874563,1.496663,1.4,1.4696939,4.9537864,4.208919,3.8884444,1.882817,1.6552945,1.4,1.4035668,1.5779734,2.2825425,REST
6.075772,3.1882596,1.9824228,1.6537836,1.4282857,1.339776,1.5280707,4.9623585,4.2579336,3.9949968,1.8841443,1.6340135,1.4089003,1.4265343,1.5604486,2.1644862,REST
15.22383,6.486139,2.4103942,1.7306068,1.5842979,2.1760056,10.083898,7.778817,9.152049,4.45365,2.9094672,2.116601,1.8774984,8.394938,13.110301,7.111962,THUMB FLEXION
22.611391,8.860869,3.5348268,2.0988092,1.6792855,2.317326,11.063228,9.4667845,16.93399,7.798718,4.834253,2.8195744,2.1,8.997777,15.278089,11.313488,THUMB FLEXION
27.323067,11.635721,4.731807,2.5455844,1.9685019,2.687936,11.072037,9.929502,25.350445,11.3187895,6.742403,3.487836,2.4443812,9.169242,16.03387,13.8170185,THUMB FLEXION
35.481544,15.203947,6.000833,2.9765751,2.238303,2.793743,10.983169,10.717509,29.559687,14.526699,8.535514,3.964215,2.660827,8.796306,15.857491,17.600994,THUMB FLEXION
39.58213,16.163849,6.9357767,3.3,2.3547823,2.884441,11.544479,11.723694,34.752483,17.207556,9.84251,4.363485,2.9325757,8.524084,16.570004,20.731619,THUMB FLEXION
42.655422,16.63325,7.389181,3.4387498,2.4748738,2.9231832,11.054863,11.328505,35.447426,17.83746,10.674971,4.425494,2.9832866,8.042077,15.541718,22.550388,THUMB FLEXION
44.8985,17.961348,7.641335,3.4992857,2.5079873,2.9740546,11.272533,13.024976,36.24976,17.131113,10.436235,4.216634,2.8965497,7.8730555,15.2522135,23.743736,THUMB FLEXION
42.93396,15.985149,7.1651936,3.3630345,2.3043437,2.8731515,10.273996,13.121357,35.98055,15.508546,9.715709,4.0168395,2.7685735,8.101543,14.302972,22.288115,THUMB FLEXION
40.49222,15.311271,6.357672,3.0813959,2.2505555,2.7285528,8.87412,12.2761965,31.75555,13.01211,8.837137,3.8151016,2.5019991,7.704544,11.970589,19.406828,THUMB FLEXION
35.06715,14.14355,5.473116,2.7230496,2.0724382,2.5377154,7.7103825,11.529094,28.731081,11.518897,7.3790245,3.3904276,2.2792542,6.8992753,10.431443,15.95619,THUMB FLEXION
24.270145,34.350037,20.271162,5.73498,4.973932,5.613377,12.6568165,33.30503,15.8335085,32.832455,11.863811,5.434151,7.0263786,12.471768,20.055798,16.300459,INDEX FLEXION
30.467031,35.496902,20.129456,5.8711157,5.1657524,6.1927376,13.303759,35.721,24.864029,32.470448,12.247857,5.933801,7.534919,12.409271,21.070833,19.335848,INDEX FLEXION
36.88916,30.26227,11.480418,4.798437,4.1146083,5.4986362,10.163415,36.454014,30.6245,24.981693,10.557462,5.7030697,6.4842114,10.047139,18.687563,22.32073,INDEX FLEXION
40.6536,30.549551,8.953212,4.380639,3.9325564,4.7775517,8.728688,35.64674,36.64137,19.748037,8.76841,4.9279814,5.8881235,8.659677,18.444376,23.762785,INDEX FLEXION
40.206345,29.078514,8.6565,4.250294,3.8671694,5.4194098,8.0025,32.86647,36.26617,17.68799,8.166088,4.5376205,6.03407,6.776061,15.884898,22.66462,INDEX FLEXION
38.70588,26.942995,7.377669,3.4992857,4.009364,5.6890244,6.4023433,32.67239,33.541767,15.565989,7.1410785,4.28369,8.572631,6.142475,14.043682,22.38772,INDEX FLEXION
34.385387,21.554466,5.913121,2.9774148,3.9742925,5.7879186,5.269725,30.92693,29.664371,12.055704,5.7982755,4.197023,9.602083,6.1196404,12.900193,20.275354,INDEX FLEXION
28.720724,16.808035,5.0254354,2.6239283,3.8606994,5.642251,5.108816,29.73424,21.336588,9.804336,5.0690236,3.9217343,9.825986,5.345559,12.277825,17.006617,INDEX FLEXION
22.679285,12.427188,3.9629533,2.1424286,3.47491,4.562894,5.0842896,30.58341,18.118914,7.104224,4.819751,3.6041641,9.137286,4.637348,11.195758,14.877667,INDEX FLEXION
16.995293,8.64147,3.0732718,1.861451,2.425902,3.0380914,4.859012,28.463573,12.134868,5.3814497,4.3943143,2.8905015,5.995832,4.4243646,10.723573,11.2532215,INDEX FLEXION
13.482952,21.656292,12.031418,3.7854986,2.602883,2.8301945,11.661261,30.118433,7.536246,23.74563,13.837088,5.6762667,5.1,8.488522,12.977096,13.430934,INDEX FLEXION
13.893884,20.49622,12.108468,3.9312847,2.634388,2.8974128,11.860228,35.182735,7.7207513,24.022905,14.80743,5.8189344,5.1662364,8.46345,14.185732,14.929668,INDEX FLEXION
15.17778,10.866232,8.385405,3.2140317,2.2416513,2.5,7.672679,36.366123,7.0703607,16.801191,14.249561,5.6062465,4.0099874,6.194756,14.370977,16.611593,INDEX FLEXION
20.04258,9.885595,7.5653815,2.9991665,2.1517434,2.3947861,5.701754,35.605618,10.891051,11.087605,13.001923,4.3663487,3.1851218,4.4107823,14.070181,17.874422,INDEX FLEXION
27.968733,12.669452,7.0035706,3.11127,2.3895607,2.626785,5.469461,38.802,18.35865,10.756626,11.444213,4.308712,3.6034706,4.7,14.357751,21.44831,INDEX FLEXION
34.613796,17.50657,7.9642954,3.3481338,2.8222332,3.1622777,6.2988095,37.804695,24.9296,14.478433,12.514192,5.0586557,4.1629314,5.3530364,14.956771,25.644005,INDEX FLEXION
39.135727,20.13492,8.76841,3.7569935,3.1733263,3.51141,6.9476614,38.152325,30.26665,16.998676,13.948477,5.736288,4.384062,5.783165,16.860308,27.338984,INDEX FLEXION
40.43062,20.37891,9.102472,3.9439828,3.2817678,3.5071356,7.043792,37.318695,32.54343,17.23035,15.279561,5.9485292,4.402272,5.6581798,16.681576,27.059563,INDEX FLEXION
41.209587,19.826876,9.373633,3.9179077,3.0773365,3.3436508,6.695521,35.05674,32.091118,16.623327,14.900671,5.6881456,4.066325,5.176872,16.103725,26.664677,INDEX FLEXION
39.836292,17.364475,8.487049,3.651712,2.7367864,2.9757352,6.0112395,32.870274,29.950542,13.478687,14.040655,5.1686554,3.7302816,4.5585084,15.4483,25.23024,INDEX FLEXION
35.277542,14.525323,7.91012,3.259601,2.337734,2.5777898,5.3061285,31.46522,25.328146,11.032452,14.673957,4.8867164,3.817067,3.897435,13.494814,24.128614,INDEX FLEXION
31.173306,12.558065,7.317445,3.0133038,1.9735755,2.3685439,4.89949,31.643404,20.703018,9.845557,13.161307,4.524931,3.6414282,3.7874794,12.778302,23.122715,INDEX FLEXION
22.994564,10.423771,8.185047,2.8991377,2.02608,2.2594247,5.070996,33.887238,15.364081,8.107713,14.249035,4.5847573,3.4655447,3.421257,12.482988,20.990711,INDEX FLEXION
14.76059,7.344045,8.195121,2.7376997,1.9209373,2.2682593,4.5359674,32.077797,9.019146,7.0813136,14.430524,4.574385,3.2015622,3.683748,13.164916,17.750353,INDEX FLEXION
12.3858795,12.434428,8.014362,2.6410224,2.1540658,2.2792542,4.1743264,30.133204,5.8446555,6.2213345,11.6148615,3.8691084,3.3075671,3.512122,11.748617,14.432602,INDEX FLEXION
10.413933,13.921745,7.7291656,2.4392622,2.1633308,2.2781572,3.8098557,25.129663,5.0109878,7.6226635,10.529244,3.4583232,3.5256205,3.2280025,9.878259,11.3842,INDEX FLEXION
22.483438,51.11844,30.719782,10.112616,28.875076,42.012024,26.970724,21.354858,26.272419,45.46658,16.829586,16.263763,46.218666,46.81234,18.80399,15.923724,MIDDLE FLEXION
27.597464,57.531555,36.468822,11.903361,34.407413,50.17245,32.871265,22.479101,32.17701,53.266735,22.380684,21.313728,53.908485,53.460873,21.292723,18.865313,MIDDLE FLEXION
33.824547,63.530308,39.67455,12.526772,37.61283,54.784714,35.62106,23.337952,34.785774,54.804195,25.94022,23.52488,59.56555,55.07867,23.18437,19.581625,MIDDLE FLEXION
35.867813,61.303833,40.686424,12.317873,39.254936,55.201313,34.839275,21.747988,34.677227,51.38774,28.667053,22.904148,56.756718,53.121983,21.86927,19.62422,MIDDLE FLEXION
36.956257,60.866657,38.59197,11.544046,36.767376,50.953754,31.96459,21.473589,33.19375,51.388813,27.737339,21.886753,54.47077,51.513252,20.68224,19.544052,MIDDLE FLEXION
36.781586,58.177746,34.536575,10.207595,34.098972,45.99739,26.991943,18.572695,30.128475,51.651863,25.15979,18.058792,51.98014,47.765575,19.738667,17.63732,MIDDLE FLEXION
33.145966,53.04809,31.92272,9.651166,31.321,42.96894,22.139107,16.022327,29.42499,49.49566,23.284328,16.003124,47.40923,44.048668,18.485535,17.929863,MIDDLE FLEXION
31.423002,50.969944,29.203167,9.34318,25.978743,39.558437,20.101368,15.301308,26.543926,48.76361,19.700888,14.861023,46.38049,44.37533,16.9975,17.560324,MIDDLE FLEXION
29.69276,48.59712,28.851084,9.567131,23.963932,37.355457,17.74049,13.679364,27.349771,46.24673,20.130573,15.395617,46.79562,40.99012,17.726252,16.030596,MIDDLE FLEXION
26.393938,45.47186,27.79919,9.095879,21.023796,33.6461,16.253155,15.243196,25.379519,38.96896,18.999737,14.640014,43.305023,38.5921,16.441412,15.556028,MIDDLE FLEXION
23.343307,40.456272,24.773373,8.678997,18.010553,27.16137,13.713497,16.789581,21.451107,34.803593,16.505606,12.78104,37.402405,33.874916,14.294754,13.802898,MIDDLE FLEXION
19.308548,34.16958,20.256233,7.317445,14.208272,20.964495,10.535179,15.76959,18.26472,28.860613,13.684115,10.676845,31.871696,24.022177,11.834907,11.268763,MIDDLE FLEXION
6.8066144,6.4649053,3.5832946,4.117645,1.9416487,1.4439529,1.704406,5.254522,8.591274,4.3766427,2.688866,1.7972201,1.5116217,1.4628739,1.6309507,3.651712,REST
5.5852485,5.772348,3.408812,3.8716922,1.8261982,1.3638182,1.5905974,5.420332,5.94138,2.4166093,2.5099802,1.7248188,1.5016658,1.3982131,1.5313393,1.8466185,REST
5.2263756,5.186039,3.1168895,3.3555925,1.7131841,1.3095801,1.596872,5.307542,5.414333,2.2923787,2.3323808,1.6807736,1.4949917,1.336039,1.6031219,1.9078784,REST
4.8150806,3.920459,2.5865035,2.679552,1.5116217,1.352775,1.6309507,5.1424704,3.4029398,1.8654758,2.0112185,1.6062378,1.43527,1.3247641,1.5394804,1.9091883,REST
5.0492573,3.5679126,2.4,2.1679482,1.4508618,1.2903488,1.5842979,5.3146024,2.4779024,1.7649362,1.7649362,1.6155494,1.3601471,1.2903488,1.5313393,1.8601075,REST
5.9249473,2.317326,2.252776,1.8574176,1.430035,1.3266499,1.5921683,5.6973677,1.7549928,1.7117243,1.7306068,1.5604486,1.3453624,1.3152946,1.6077936,1.9634154,REST
5.9678307,2.4103942,2.297825,1.7306068,1.3946326,1.3133925,1.5394804,5.7701817,1.6416456,1.6492423,1.704406,1.5890249,1.4159802,1.2961481,1.6248077,1.942936,REST
5.9548297,2.4392622,2.293469,1.6613247,1.405347,1.2825755,1.5411035,5.721888,1.6170962,1.6340135,1.6613247,1.6015618,1.37659,1.3057564,1.6598192,1.7902514,REST
5.890246,2.3958297,2.1459265,1.555635,1.3784049,1.3114877,1.6628289,5.9778757,1.5921683,1.6568041,1.67332,1.5636495,1.371131,1.3416407,1.7233688,1.7592613,REST
5.1312766,2.2327113,2.0904546,1.5427248,1.36565,1.2349089,1.6613247,5.376337,1.4696939,1.524795,1.5362291,1.6,1.3820275,1.336039,1.5842979,1.6462078,REST
5.402314,2.171405,2.0285463,1.4933184,1.356466,1.2688577,1.6613247,6.0307546,1.4866068,1.554027,1.4949917,1.56205,1.286468,1.3910427,1.524795,1.6217275,REST
5.745868,2.166795,1.9646883,1.4983324,1.3266499,1.2489996,1.5890249,5.857047,1.423025,1.5313393,1.5,1.5280707,1.2845232,1.3820275,1.4781746,1.6703293,REST
5.5803227,2.1201415,1.9274335,1.4815532,1.2922847,1.24499,1.471394,5.440129,1.421267,1.496663,1.5,1.6140013,1.2845232,1.3928388,1.3435029,1.7131841,REST
6.0592904,2.1142373,1.8894444,1.4577379,1.3190906,1.2569805,1.4474115,5.4152565,1.4696939,1.5652477,1.5905974,1.6155494,1.2806249,1.4089003,1.4491377,1.7790446,REST
5.8429446,2.156386,1.8506756,1.4456832,1.3228756,1.2469964,1.3874437,4.698936,1.473092,1.5394804,1.6124516,1.5652477,1.3509257,1.4017845,1.4645818,1.7131841,REST
5.6435804,2.0808651,1.9131126,1.5215124,1.3490738,1.2328827,1.4508618,4.8831344,1.4866068,1.5378556,1.6062378,1.6062378,1.405347,1.4017845,1.5378556,1.7088008,REST
5.7266917,2.0844662,1.9326148,1.6046807,1.3747727,1.2165525,1.496663,5.1215234,1.5132746,1.5394804,1.5827192,1.5459626,1.4317821,1.4071248,1.6015618,1.6896745,REST
5.3707542,2.178302,1.951922,1.6837459,1.3601471,1.2747549,1.5411035,5.5045433,1.4832398,1.5198684,1.5732132,1.5362291,1.4577379,1.3820275,1.5394804,1.5827192,REST
5.794394,6.8883963,2.8257742,2.5563645,1.8788294,1.8439089,1.6109004,4.7122183,6.8512774,3.177263,2.2726636,1.7888544,4.117645,1.5033296,1.6477257,2.3151674,REST
6.139218,5.8851504,2.4889758,2.3119256,1.5890249,1.2549901,1.4983324,4.694678,5.7341084,2.2293496,1.7102631,1.5842979,1.4983324,1.454304,1.5842979,2.0383818,REST
5.639592,5.412947,2.2226112,1.8947295,1.5329709,1.2549901,1.5475787,4.605974,5.658622,2.0651877,1.6507574,1.6124516,1.352775,1.405347,1.5795568,1.9608672,REST
5.6360445,4.463183,2.1805964,1.7291616,1.423025,1.2389512,1.5280707,4.60923,4.4328322,1.8708287,1.5811388,1.6340135,1.371131,1.423025,1.596872,1.839837,REST
5.229723,3.933192,2.1224985,1.6881943,1.3490738,1.2369317,1.5149257,4.741835,3.9484174,1.7406895,1.6015618,1.5652477,1.3379087,1.4142135,1.5716233,1.8601075,REST
4.571105,3.04795,1.9824228,1.6109004,1.3133925,1.2308533,1.5182227,4.8254533,3.383046,1.6613247,1.6,1.5411035,1.328533,1.4017845,1.4882876,1.8138357,REST
4.8295965,2.159861,1.8384776,1.555635,1.2389512,1.2083046,1.4679918,4.8610697,1.9144189,1.5459626,1.5905974,1.5016658,1.3856406,1.421267,1.5215124,1.8371173,REST
4.6829476,2.0285463,1.8152136,1.5,1.286468,1.2288206,1.5016658,4.9964986,1.5827192,1.5378556,1.6140013,1.4899665,1.419507,1.3747727,1.5443445,1.811077,REST
4.9162993,2.0049937,1.7832555,1.4696939,1.3057564,1.2589679,1.4282857,4.8749356,1.524795,1.5763882,1.6324828,1.5827192,1.4124447,1.356466,1.5066519,1.7649362,REST
4.6599355,1.9532025,1.8384776,1.4265343,1.2980754,1.2247449,1.4282857,4.5238256,1.471394,1.5524175,1.6583124,1.5588458,1.43527,1.3379087,1.5604486,1.7958285,REST
4.3358965,1.9634154,1.812457,1.4159802,1.328533,1.2589679,1.3802173,4.1707315,1.4899665,1.5508063,1.6294171,1.5459626,1.4387494,1.3304135,1.5459626,1.7117243,REST
4.289522,2.0322402,1.7464249,1.5459626,1.3341664,1.2144958,1.423025,4.093898,1.5,1.5033296,1.6598192,1.6155494,1.4124447,1.3341664,1.5491934,1.7406895,REST
4.524931,2.0408332,1.8069311,1.5604486,1.3435029,1.1811012,1.4882876,4.273757,1.5459626,1.5215124,1.6077936,1.5572411,1.4124447,1.396424,1.5508063,1.8234583,REST
4.731807,2.1988633,1.861451,1.555635,1.3601471,1.1768602,1.4747881,4.2749267,1.5427248,1.5049918,1.6416456,1.6093477,1.4106736,1.3838352,1.5394804,1.8748333,REST
4.852834,2.0976176,1.8867962,1.5280707,1.3856406,1.155422,1.5033296,4.3358965,1.5524175,1.524795,1.6278821,1.6046807,1.371131,1.3838352,1.5215124,1.8881208,REST
5.0571733,2.0285463,1.9026297,1.4456832,1.4,1.1895378,1.4679918,4.455895,1.5329709,1.554027,1.6462078,1.554027,1.4335271,1.3892444,1.4611639,1.8601075,REST
4.63627,2.0518284,1.8907671,1.4247807,1.4474115,1.1683321,1.4422204,4.6297946,1.5763882,1.555635,1.6613247,1.5921683,1.421267,1.3546218,1.4247807,1.7902514,REST
22.885147,49.462765,26.530643,7.5696764,20.65115,37.018105,21.157978,25.002901,25.103485,50.10095,17.439753,12.213722,35.195312,42.14155,17.042448,15.789712,MIDDLE FLEXION
30.42499,55.98437,30.993063,8.855507,24.655527,41.928688,23.951618,19.99725,32.58673,56.282413,20.449694,14.695747,43.36283,49.897896,21.609951,19.955952,MIDDLE FLEXION
35.11702,58.807438,35.38785,9.825986,28.671501,45.463997,25.55318,20.414701,34.71138,56.98715,23.96706,16.306593,47.92484,54.461456,25.09243,21.861267,MIDDLE FLEXION
36.19033,54.512062,34.42971,9.117565,29.38001,47.018986,25.752378,21.279215,37.179092,54.621468,27.194668,16.855267,50.082832,54.154133,24.856388,23.473389,MIDDLE FLEXION
37.58171,54.4727,34.918262,9.14221,29.336582,47.226265,26.820608,22.474987,38.12178,54.118156,26.96229,16.302761,47.91534,54.192345,25.269053,24.40205,MIDDLE FLEXION
35.74724,52.463272,33.568287,8.686483,27.970253,47.543716,26.32005,22.479212,34.71426,53.307365,28.690067,15.636176,44.939735,55.860138,23.551327,21.587612,MIDDLE FLEXION
34.85979,53.984116,30.339413,7.866702,24.594511,46.23116,26.027582,21.250765,33.203236,51.63647,26.774801,14.440568,42.291782,54.035774,20.76656,21.176874,MIDDLE FLEXION
34.473034,57.23404,31.985855,8.480271,23.794327,43.63095,23.981556,20.742468,28.819263,52.73585,25.185411,13.383945,38.258987,53.214146,19.388012,19.077868,MIDDLE FLEXION
32.704815,56.940758,32.664124,8.736704,22.015562,40.380875,22.155134,20.092909,29.529055,50.48173,24.931507,12.777324,38.78595,50.866688,21.397312,19.165726,MIDDLE FLEXION
30.022575,57.313217,32.931976,9.689169,22.041664,37.38255,22.14983,20.7163,29.418362,50.036537,23.719084,11.609049,38.401367,45.501152,20.655508,18.403805,MIDDLE FLEXION
26.160944,53.041164,31.38917,9.459123,19.499102,32.252285,18.925512,20.481943,27.479082,47.00527,22.782011,10.617203,34.390114,38.63457,18.611017,16.64587,MIDDLE FLEXION
21.199293,45.32637,26.669834,8.620615,15.236633,25.270733,16.239458,17.869806,25.864359,39.579098,19.69048,9.490785,32.26887,30.507458,16.700449,14.238328,MIDDLE FLEXION
5.4479356,3.0878794,3.1827662,3.4307435,1.7435596,1.6613247,1.6155494,8.021221,3.3196385,2.0,3.719543,1.8708287,1.4949917,2.2572107,1.8907671,2.4969983,REST
5.269725,1.9131126,2.7184553,2.215852,1.4866068,1.3076696,1.5842979,7.2663608,2.0506096,1.942936,3.722902,1.9039433,1.454304,1.454304,1.7564168,1.8289341,REST
4.790094,1.8207141,2.4454038,2.1201415,1.43527,1.2767146,1.554027,5.748043,1.339776,1.839837,3.679674,1.7958285,1.372953,1.3472193,1.5684388,1.5362291,REST
4.690416,2.0748494,2.391652,1.9091883,1.4696939,1.2708265,1.6109004,6.0679483,1.3453624,1.7902514,3.524202,1.7478559,1.3856406,1.3638182,1.4949917,1.5083103,REST
4.392607,1.9811612,2.4789112,1.7888544,1.421267,1.3228756,1.5652477,5.566417,1.3266499,1.8947295,3.6311157,1.7146429,1.3910427,1.3802173,1.4439529,1.6,REST
4.240283,1.9697716,2.4052026,1.7233688,1.3892444,1.3416407,1.554027,5.46626,1.3928388,1.8681542,3.6891732,1.7131841,1.3838352,1.3638182,1.5049918,1.6492423,REST
4.1490965,2.0161846,2.3706539,1.5984367,1.3619839,1.3802173,1.5378556,5.314132,1.372953,1.8894444,3.3608036,1.7846568,1.405347,1.4035668,1.4949917,1.6370705,REST
3.9490507,1.8960485,2.2891045,1.5588458,1.3000001,1.3619839,1.4849242,4.8574686,1.328533,1.9532025,3.8013155,1.9078784,1.3946326,1.3856406,1.4899665,1.6718254,REST
3.9987497,1.9874607,2.2147236,1.5984367,1.3019217,1.3472193,1.5329709,4.9568133,1.3674794,2.0481699,3.7986841,1.9118054,1.372953,1.4456832,1.5198684,1.5779734,REST
4.1737275,2.0420578,2.4566236,1.6186414,1.2884098,1.336039,1.5475787,5.181699,1.294218,2.5,4.975942,1.933908,1.371131,1.43527,1.4696939,1.5116217,REST
4.831149,2.0796633,2.5495098,1.6522712,1.317194,1.3802173,1.5049918,5.5506754,1.3114877,2.6645825,5.767582,1.9235384,1.4124447,1.3982131,1.4335271,1.5264337,REST
4.962862,2.1071308,2.70555,1.6155494,1.3057564,1.3490738,1.4983324,5.928322,1.3784049,2.8222332,6.1595454,1.9170289,1.4679918,1.36565,1.4815532,1.534601,REST
5.1550946,2.236068,2.8071337,1.6186414,1.3228756,1.3509257,1.454304,5.94979,1.3910427,3.0108137,6.881497,1.8748333,1.4764823,1.3076696,1.496663,1.6015618,REST
5.0635953,2.2056744,2.5553865,1.6370705,1.37659,1.3247641,1.4508618,5.770615,1.4177446,2.9546573,6.8304462,1.8973665,1.5049918,1.2961481,1.5264337,1.6462078,REST
4.460942,2.1679482,2.6438608,1.7277153,1.352775,1.2806249,1.4611639,5.6191635,1.4696939,2.9563491,6.70373,1.9287301,1.5132746,1.3583078,1.5394804,1.6201851,REST
5.4658027,2.2671568,2.6673956,1.7860571,1.37659,1.3546218,1.5165751,5.551576,1.4679918,2.9991665,6.4432135,1.8466185,1.5066519,1.3546218,1.5297059,1.6140013,REST
5.4465585,2.177154,2.9857998,1.8165902,1.372953,1.396424,1.4882876,5.6617136,1.4247807,2.9214723,6.877863,1.9131126,1.5748016,1.3747727,1.471394,1.6263456,REST
2.0248456,1.9899749,3.5972211,1.8973665,1.4696939,1.352775,1.5827192,8.968835,2.156386,2.8783677,6.0353127,2.0940392,1.4247807,1.6643317,2.3547823,3.6864617,REST
1.7334936,1.6217275,2.8999999,1.7916473,1.4071248,1.4439529,1.4798648,7.3535705,1.4404861,2.3205602,5.0842896,1.8041619,1.4,1.3509257,2.116601,3.1851218,REST
1.8330302,1.6911534,2.5670996,1.7291616,1.4247807,1.4611639,1.4474115,7.277362,1.4124447,2.177154,4.823899,1.7944359,1.3693064,1.3209845,2.5612497,3.0091527,REST
1.8261982,1.6324828,2.1748564,1.5842979,1.3209845,1.3946326,1.37659,6.4093685,1.4282857,1.9621416,4.2261095,1.7204651,1.3247641,1.3190906,2.687936,2.6645825,REST
1.7916473,1.5811388,2.0554805,1.5684388,1.3416407,1.423025,1.3304135,4.6556416,1.3946326,1.8220867,3.639368,1.6867127,1.3322912,1.3379087,3.027375,1.9118054,REST
1.7776389,1.4849242,1.5937377,1.4679918,1.2980754,1.3892444,1.2369317,3.581899,1.4159802,1.4815532,2.152905,1.5524175,1.3019217,1.352775,2.9257479,1.5921683,REST
1.6155494,1.6852299,1.4508618,1.3435029,1.24499,1.3379087,1.2349089,2.4124677,1.4089003,1.4611639,1.8041619,1.4849242,1.3019217,1.3674794,2.595188,1.3856406,REST
1.5427248,1.8207141,1.4679918,1.3000001,1.2267845,1.3601471,1.2429802,3.1575308,1.3802173,1.4370108,1.7146429,1.4124447,1.3322912,1.37659,5.12884,1.3304135,REST
1.4781746,1.776232,1.3802173,1.195826,1.1937336,1.3247641,1.2429802,3.4849677,1.371131,1.4662879,1.405347,1.419507,1.3247641,1.356466,4.8754487,1.3820275,REST
1.4177446,1.8096961,1.3674794,1.1895378,1.1916375,1.2767146,1.2124356,3.51141,1.3379087,1.43527,1.3892444,1.421267,1.3038405,1.3304135,4.860041,1.3152946,REST
1.3435029,1.5508063,1.3416407,1.2165525,1.1335784,1.2509996,1.2206556,3.3098338,1.3747727,1.4,1.4071248,1.4247807,1.3190906,1.3304135,4.7780747,1.3152946,REST
1.3322912,1.339776,1.266886,1.2688577,1.174734,1.2489996,1.2144958,2.0408332,1.3247641,1.3928388,1.5165751,1.4474115,1.3341664,1.294218,1.471394,1.405347,REST
1.2884098,1.372953,1.2629331,1.3114877,1.1916375,1.2549901,1.2062339,1.4798648,1.3435029,1.3435029,1.5066519,1.4142135,1.3038405,1.328533,1.3874437,1.371131,REST
1.2884098,1.356466,1.2980754,1.3152946,1.2103719,1.2727922,1.2206556,1.430035,1.372953,1.3784049,1.4933184,1.4106736,1.3019217,1.339776,1.3546218,1.3802173,REST
8.408329,21.9308,10.865772,3.2703211,4.1334004,6.447868,11.815667,6.726069,15.171849,30.68102,13.857128,4.236154,10.802546,6.8029404,16.618814,3.9191835,THUMB FLEXION
7.5907836,20.291378,9.93831,2.967322,4.3075514,6.627971,12.7522545,7.303424,14.509308,32.300312,14.685878,4.236744,12.021024,7.0968304,17.239199,4.1503015,THUMB FLEXION
6.647556,17.146137,8.887914,2.4186773,3.8755646,6.204031,11.459495,7.4979997,13.247264,30.904854,14.176212,3.8503246,10.730098,6.8724084,17.115782,4.1755238,THUMB FLEXION
7.1937475,15.4793415,7.793587,2.1908903,3.7603192,5.6868267,10.626853,7.7598324,14.650427,30.326391,14.522741,4.0087404,10.662552,6.8735,15.119358,4.6389656,THUMB FLEXION
8.210664,15.621779,8.002811,2.7793884,3.9159927,5.2872486,12.231108,8.4711275,16.07358,31.560259,13.057947,3.9881072,9.912114,8.558621,14.030681,5.886,THUMB FLEXION
11.673046,17.930979,9.123048,3.9862263,5.0877304,5.9987497,13.98821,9.301882,18.745266,33.18004,12.316047,4.960847,8.354041,10.353019,14.301923,9.054832,THUMB FLEXION
13.606432,18.218672,9.633016,4.8492265,5.8826013,5.995832,14.828351,9.733447,19.734867,37.390507,11.5381975,5.218716,7.604275,14.53513,15.323838,10.392064,THUMB FLEXION
15.505805,18.382193,8.963258,5.355371,6.159951,5.4753995,16.410212,9.624188,20.0,37.58291,10.029955,5.366563,4.5820303,16.07358,16.003437,11.47824,THUMB FLEXION
19.74386,18.651005,8.367198,5.263079,6.109419,5.6881456,16.690416,10.688312,20.611647,36.849762,9.775991,7.127412,4.920366,16.681576,15.646885,12.034119,THUMB FLEXION
18.721912,15.9982815,7.6628976,4.89949,6.968859,7.4199057,15.178438,10.640254,20.090546,33.75515,9.64417,7.4682665,7.7265778,15.88899,15.065855,10.51808,THUMB FLEXION
17.45136,13.165106,7.084843,5.480876,8.290657,9.817331,13.680095,11.54751,20.211754,28.929396,9.101374,7.697402,9.986992,12.157919,13.612126,9.517353,THUMB FLEXION
17.124252,11.516293,7.029936,5.4415073,9.753204,10.820813,10.24207,11.527142,17.291182,24.72084,8.645229,7.780424,11.486732,9.312626,12.044916,7.804806,THUMB FLEXION
11.732647,9.911357,6.9792547,5.937592,9.708759,10.723805,6.14044,12.1433115,14.166333,20.868517,8.799148,6.169684,11.627553,5.796982,10.573079,6.616268,THUMB FLEXION
2.5855367,1.6552945,1.7521415,1.5572411,1.3247641,1.8894444,1.7102631,6.969577,1.4456832,1.9104973,3.3667493,1.7421252,1.3472193,2.0408332,2.0772579,2.4728525,REST
2.5504901,1.5811388,1.6232682,1.473092,1.3095801,1.9364917,1.6140013,5.8544855,1.454304,1.5049918,1.8801596,1.5427248,1.3228756,1.9557607,1.7888544,2.3010867,REST
2.541653,1.5795568,1.5572411,1.3946326,1.3472193,1.9416487,1.6062378,5.575841,1.5297059,1.4370108,1.5508063,1.4106736,1.317194,1.9390719,1.7776389,2.352658,REST
2.4145393,1.5394804,1.5795568,1.3946326,1.2786711,1.3247641,1.3874437,5.8604608,1.4882876,1.4317821,1.5132746,1.3601471,1.2389512,1.356466,1.7102631,2.3032584,REST
2.3590252,1.5411035,1.5083103,1.356466,1.317194,1.3000001,1.4124447,6.458328,1.4439529,1.4071248,1.5329709,1.3838352,1.294218,1.3019217,1.668832,2.1272047,REST
2.2034066,1.4265343,1.4317821,1.3000001,1.3190906,1.2549901,1.4662879,7.1333723,1.4508618,1.3638182,1.5165751,1.3856406,1.2708265,1.3802173,1.7190113,2.3334525,REST
2.2616365,1.4815532,1.5116217,1.3322912,1.260952,1.3114877,1.471394,7.921174,1.3453624,1.421267,1.4645818,1.3784049,1.2389512,1.3802173,1.7972201,2.5317976,REST
2.228228,1.5149257,1.5508063,1.3619839,1.2708265,1.294218,1.5937377,8.021845,1.3322912,1.4662879,1.4456832,1.396424,1.2629331,1.3820275,1.8601075,2.6410224,REST
2.1412613,1.5066519,1.6031219,1.4525839,1.3114877,1.3095801,1.6522712,7.8790865,1.3674794,1.4949917,1.4265343,1.3490738,1.2144958,1.4474115,1.8533753,2.6438608,REST
2.0712316,1.5443445,1.6248077,1.471394,1.3000001,1.3133925,1.6477257,7.536577,1.3874437,1.5182227,1.4089003,1.3619839,1.3000001,1.405347,1.7578396,2.4979992,REST
2.059126,1.5132746,1.6248077,1.5,1.3038405,1.2469964,1.6109004,7.1895757,1.459452,1.4866068,1.4404861,1.3693064,1.317194,1.371131,1.6926311,2.3366642,REST
2.0062404,1.5475787,1.5921683,1.4525839,1.260952,1.2922847,1.4949917,6.685806,1.4882876,1.4335271,1.4577379,1.419507,1.3304135,1.4,1.6278821,2.148255,REST
2.0603397,1.566844,1.5280707,1.352775,1.1789826,1.2786711,1.4456832,6.407418,1.4679918,1.4781746,1.4849242,1.4071248,1.3802173,1.3982131,1.5748016,2.018663,REST
1.9455076,1.5459626,1.5427248,1.317194,1.1937336,1.2903488,1.421267,5.9118524,1.423025,1.4679918,1.4899665,1.396424,1.4,1.4247807,1.6155494,1.8069311,REST
1.8907671,1.5329709,1.4508618,1.2489996,1.1467345,1.2884098,1.43527,5.8296657,1.3910427,1.4662879,1.4815532,1.3892444,1.3747727,1.473092,1.6077936,1.5953057,REST
14.620192,4.4362144,2.9866369,2.78478,1.5182227,1.3472193,1.5443445,6.0745373,9.483933,2.3,3.7409892,2.1330729,1.5588458,1.4781746,1.977372,6.7561083,REST
12.600199,3.992493,2.2271059,1.8138357,1.356466,1.2409674,1.4335271,4.7259917,8.178936,2.0310097,2.791057,1.8934096,1.4611639,1.3583078,1.6355428,6.077006,REST
11.360018,3.6803532,2.1377559,1.7902514,1.3546218,1.2349089,1.4282857,4.4300113,7.7932663,1.8574176,2.462722,1.7734147,1.4,1.328533,1.6718254,6.0270224,REST
10.601887,3.6304271,2.0844662,1.7635192,1.3379087,1.2549901,1.3910427,4.13884,7.3769913,1.8248287,2.293469,1.7846568,1.4071248,1.3946326,1.7,5.6391487,REST
10.619793,3.8105118,1.9937402,1.6643317,1.3784049,1.2786711,1.4017845,4.1755238,6.461037,1.8452642,2.144761,1.6217275,1.4832398,1.3820275,1.7464249,5.3361974,REST
9.714937,3.6448593,1.9748418,1.6507574,1.4035668,1.3000001,1.4071248,4.392607,6.9,1.9248376,2.1610184,1.6926311,1.4764823,1.4177446,1.8721646,5.6404786,REST
9.402127,3.614554,1.9595917,1.6309507,1.421267,1.3379087,1.4404861,4.4,6.4683847,1.9748418,2.2056744,1.7117243,1.4798648,1.459452,1.8411953,5.2292447,REST
9.144398,3.6345563,2.0037465,1.6124516,1.43527,1.3247641,1.4832398,4.2760963,7.028869,2.0037465,2.2371857,1.6628289,1.4560219,1.419507,1.8193405,5.288194,REST
8.5144,3.56581,1.9899749,1.5905974,1.3820275,1.3472193,1.4611639,4.2237425,7.557116,1.9710404,2.1494186,1.6896745,1.336039,1.4696939,1.7635192,5.3065996,REST
8.569422,3.5078485,2.0724382,1.5132746,1.4017845,1.328533,1.473092,4.135215,7.871785,1.9196354,2.019901,1.6201851,1.3416407,1.4525839,1.7058722,5.1132183,REST
8.680726,3.2395988,2.0037465,1.4628739,1.339776,1.2144958,1.4124447,4.181507,7.6259427,1.8627936,1.9144189,1.6324828,1.37659,1.421267,1.6658331,5.1224995,REST
8.333366,2.9546573,1.9824228,1.473092,1.4035668,1.17047,1.3509257,4.5656323,7.2856026,1.882817,2.007486,1.6109004,1.3982131,1.4142135,1.6492423,4.6893497,REST
9.06973,2.9248931,2.0099752,1.4696939,1.4747881,1.1401755,1.3946326,4.709034,7.5591006,1.8748333,2.0062404,1.5779734,1.3784049,1.3874437,1.6537836,4.6936126,REST
9.1536875,3.0626786,2.0024984,1.4849242,1.4662879,1.2144958,1.4422204,5.157519,7.4629083,1.9,2.1805964,1.7277153,1.3546218,1.356466,1.6294171,4.9839745,REST
8.966326,3.0983868,2.0223749,1.5149257,1.4611639,1.3076696,1.454304,5.408789,8.5399065,1.9697716,2.2847319,1.7492856,1.3674794,1.3322912,1.6522712,5.0778933,REST
9.247432,3.1583223,2.0892582,1.5716233,1.430035,1.3638182,1.4849242,5.264504,8.614523,2.0310097,2.3366642,1.7986106,1.3619839,1.3693064,1.6792855,5.392124,REST
9.973214,3.275668,2.013703,1.596872,1.4159802,1.317194,1.3982131,5.181699,8.073413,2.0310097,2.3937418,1.9065676,1.4035668,1.3601471,1.6492423,5.249762,REST
4.2308393,6.1656303,3.4197953,3.104835,1.7233688,1.7705932,1.4983324,4.6738634,2.5268557,3.3852623,2.1540658,3.012474,1.4247807,1.8411953,1.6643317,2.2034066,REST
3.1859064,2.1389248,2.0964255,2.1023796,1.4370108,1.36565,1.328533,3.3845236,1.6431677,1.5795568,1.8627936,1.6792855,1.3838352,1.3038405,1.5016658,1.9493588,REST
2.6057627,1.861451,1.8654758,1.852026,1.419507,1.2845232,1.2429802,1.7248188,1.6031219,1.4983324,1.7860571,1.6170962,1.4317821,1.294218,1.405347,1.811077,REST
2.3759208,1.8027756,1.762101,1.7832555,1.3583078,1.2328827,1.2529964,1.5378556,1.4832398,1.5297059,1.6748134,1.5264337,1.4491377,1.3619839,1.4089003,1.7464249,REST
2.1224985,1.6822604,1.7535678,1.67332,1.2980754,1.1895378,1.2549901,1.5763882,1.5459626,1.6015618,1.7592613,1.5280707,1.4456832,1.3693064,1.3874437,1.8165902,REST
1.977372,1.6507574,1.7277153,1.6062378,1.2688577,1.1853269,1.2549901,1.5858752,1.454304,1.6031219,1.7492856,1.5475787,1.4439529,1.3856406,1.3802173,1.6537836,REST
1.9013153,1.5716233,1.7578396,1.5779734,1.24499,1.1979148,1.2409674,1.5779734,1.4798648,1.5763882,1.7916473,1.6232682,1.4387494,1.36565,1.4317821,1.7888544,REST
1.8096961,1.5984367,1.7102631,1.5394804,1.2489996,1.2469964,1.2529964,1.5411035,1.4764823,1.5427248,1.8083141,1.6,1.4089003,1.3379087,1.4,1.7832555,REST
1.8881208,1.6970563,1.7392527,1.5937377,1.2708265,1.2529964,1.2308533,1.4899665,1.4387494,1.524795,1.7790446,1.5716233,1.4282857,1.352775,1.419507,1.6552945,REST
1.8986838,1.7088008,1.7564168,1.5842979,1.2825755,1.2569805,1.2349089,1.4387494,1.5280707,1.5182227,1.7578396,1.5700318,1.3784049,1.3190906,1.4560219,1.6401219,REST
2.0542638,1.7349352,1.7277153,1.5313393,1.3038405,1.24499,1.2206556,1.4781746,1.5116217,1.5198684,1.7392527,1.4645818,1.3874437,1.3038405,1.4335271,1.5874507,REST
2.0832667,1.7146429,1.8439089,1.5182227,1.3416407,1.2629331,1.2429802,1.56205,1.5378556,1.4679918,1.7507142,1.5083103,1.3802173,1.356466,1.454304,1.6031219,REST
2.046949,1.6867127,1.8261982,1.5362291,1.317194,1.328533,1.266886,1.5984367,1.5264337,1.4611639,1.7776389,1.555635,1.3982131,1.352775,1.4317821,1.6370705,REST
2.1494186,1.7291616,1.8668154,1.5858752,1.336039,1.2688577,1.2589679,1.6093477,1.5427248,1.459452,1.8601075,1.5427248,1.4106736,1.3856406,1.423025,1.6248077,REST
2.1095023,1.7663522,1.933908,1.6416456,1.3674794,1.3114877,1.2727922,1.6201851,1.5116217,1.5763882,1.8384776,1.5700318,1.3982131,1.4628739,1.43527,1.5459626,REST
2.1342444,1.7291616,1.9723083,1.668832,1.352775,1.3076696,1.2569805,1.6507574,1.4747881,1.6015618,1.8234583,1.5763882,1.4089003,1.4142135,1.4124447,1.5313393,REST
2.2315915,1.6822604,2.007486,1.5652477,1.3802173,1.2062339,1.2825755,1.596872,1.4628739,1.5716233,1.7606816,1.5491934,1.3490738,1.405347,1.4645818,1.5890249,REST
27.66487,27.813486,20.987019,6.3265314,4.4654226,6.6910386,11.529527,14.380021,29.904514,41.880665,18.878294,7.0010715,3.8948684,6.4505816,9.7419195,14.920456,INDEX FLEXION
29.910868,25.859331,30.660234,7.448154,4.905609,11.265878,14.043325,30.503525,28.707752,46.15295,34.379864,12.384668,8.314746,14.148145,13.545479,18.000694,INDEX FLEXION
27.061043,24.288887,38.333927,9.645724,5.222069,14.650598,15.618579,41.4373,25.380602,44.234432,42.291252,15.601282,9.834887,18.128431,15.437454,19.563614,INDEX FLEXION
25.234896,22.902946,42.696426,10.775435,5.748478,17.045673,17.641571,47.668175,22.112326,47.693344,49.402378,17.226143,11.634646,20.553589,19.102488,21.843306,INDEX FLEXION
20.933346,21.405022,46.472897,11.06639,5.600446,17.352089,17.048168,49.652645,13.387494,47.94883,52.586548,17.952158,12.488194,22.061958,19.959333,21.7228,INDEX FLEXION
17.756548,19.065939,47.634705,11.784524,5.1797686,16.94137,14.29283,45.094677,9.654274,43.742027,49.70714,17.050806,11.222967,20.583246,18.881075,20.785452,INDEX FLEXION
17.90419,20.104477,44.135586,10.835128,5.2067266,15.188647,12.883904,38.283024,10.1779175,42.36803,46.030262,15.039615,11.324752,18.55155,16.72259,19.160376,INDEX FLEXION
16.697454,21.847998,40.010185,9.928998,4.7780747,12.635466,10.083898,30.0631,12.272734,37.720486,37.87024,13.078417,9.6117115,15.855125,12.345445,15.050249,INDEX FLEXION
11.274307,8.577879,3.3015149,2.5700195,2.0530465,1.6837459,1.8920888,8.003749,2.2825425,2.5089839,2.1610184,1.951922,1.5411035,1.3820275,2.0112185,3.6090164,REST
11.416217,3.2817678,2.7230496,1.9078784,1.5491934,1.4317821,2.0506096,8.815611,1.6852299,1.805547,1.9455076,1.8411953,1.4815532,1.3453624,1.8275666,3.258067,REST
11.517813,2.7522717,2.5534291,1.8934096,1.5588458,1.3619839,2.013703,8.423776,1.668832,1.7464249,1.8654758,1.6881943,1.4247807,1.3638182,1.767767,2.6105554,REST
10.739879,2.5622256,2.4197106,1.8841443,1.5572411,1.3038405,1.8234583,8.386894,1.6093477,1.7478559,1.7606816,1.6673332,1.3892444,1.405347,1.7592613,2.3462737,REST
10.293445,2.6944387,2.513961,1.9313208,1.5264337,1.3190906,1.812457,7.829751,1.5953057,1.776232,1.7916473,1.668832,1.421267,1.4177446,1.7902514,2.2627416,REST
9.743716,2.4758837,2.228228,1.811077,1.4474115,1.286468,1.6807736,7.0132017,1.6232682,1.7649362,1.7776389,1.7549928,1.3416407,1.36565,1.767767,2.266054,REST
7.83422,2.3989582,2.0988092,1.7635192,1.3322912,1.24499,1.6703293,7.017834,1.5779734,1.6628289,1.6477257,1.7233688,1.36565,1.371131,1.7421252,2.0976176,REST
7.7019477,2.5436194,2.2135944,1.7521415,1.2961481,1.2569805,1.6658331,6.535671,1.5795568,1.6062378,1.668832,1.6970563,1.3490738,1.356466,1.6881943,2.0530465,REST
6.975672,2.3065126,2.0760539,1.7,1.2786711,1.2845232,1.6370705,6.4683847,1.5779734,1.5748016,1.6340135,1.6926311,1.3190906,1.371131,1.6248077,1.9924859,REST
6.3710284,2.252776,2.0236106,1.7492856,1.3095801,1.3019217,1.5984367,5.7258186,1.5508063,1.5858752,1.5524175,1.6507574,1.421267,1.4106736,1.5921683,1.8289341,REST
6.2769423,2.3611438,2.02608,1.7277153,1.3928388,1.4,1.5984367,5.6951737,1.5231546,1.6109004,1.6807736,1.7277153,1.4387494,1.4035668,1.5842979,1.9949937,REST
6.578374,2.3780243,2.0542638,1.7449929,1.430035,1.4124447,1.6186414,5.827092,1.554027,1.6522712,1.6658331,1.6763054,1.4491377,1.4071248,1.6462078,1.9937402,REST
6.917008,2.3334525,1.9836835,1.668832,1.430035,1.372953,2.349468,6.0137343,1.6232682,1.6155494,1.6217275,1.6955825,1.4764823,1.37659,1.6416456,2.1424286,REST
7.2931476,2.4586582,2.0712316,1.6340135,1.4247807,1.36565,2.7559028,6.615512,1.6658331,1.6522712,1.6658331,1.7,1.4525839,1.3820275,1.6492423,2.2135944,REST
7.250862,2.403123,2.0603397,1.6628289,1.3910427,1.3095801,2.74135,6.3580656,1.6552945,1.67332,1.6446884,1.6309507,1.419507,1.4106736,1.6763054,2.2192342,REST
7.2587876,2.3420076,2.013703,1.6568041,1.396424,1.3509257,2.7748873,6.6257076,1.9987496,1.6583124,1.6568041,1.6355428,1.4317821,1.356466,1.6294171,2.2989128,REST
7.2041655,2.3184047,2.0554805,1.7073371,1.4142135,1.3546218,2.194311,6.5802736,1.9170289,1.6568041,1.6763054,1.6109004,1.37659,1.4071248,1.6613247,2.281447,REST
7.0142713,2.3748684,2.0615528,1.7507142,1.4265343,1.3546218,1.7888544,6.4494185,1.8384776,1.67332,1.7102631,1.6124516,1.3472193,1.3856406,1.7492856,2.3259406,REST
6.9974995,2.2748628,2.1035686,1.7102631,1.4,1.3416407,1.781853,6.3843555,1.8289341,1.6340135,1.7014699,1.6385969,1.3838352,1.372953,1.7175565,2.2248595,REST
35.118797,27.03396,15.383107,4.832184,4.3817806,20.362465,13.535509,24.442074,27.786238,30.202484,15.682634,6.350984,6.740178,18.526197,12.549303,16.1428,MIDDLE FLEXION
34.978706,21.975782,20.96664,6.2197266,4.8989797,25.649366,14.035313,34.010586,26.346157,24.821764,23.391558,8.336066,9.010827,22.57399,15.452023,18.59422,MIDDLE FLEXION
31.467285,22.30426,28.402113,6.8574777,5.230201,28.583563,15.85891,40.372143,24.704351,22.545067,30.355724,9.8577385,11.526274,24.273443,19.089132,21.082813,MIDDLE FLEXION
32.104515,22.69306,32.73492,7.28011,5.450688,28.431145,15.398214,42.452915,23.87729,24.303293,34.964054,10.709808,14.536162,24.036951,21.124866,21.519293,MIDDLE FLEXION
28.776814,20.862886,36.076378,7.5156503,5.992495,29.355835,15.180415,42.708256,21.731428,26.148996,35.972004,10.467808,18.072216,21.021774,20.916023,22.542627,MIDDLE FLEXION
29.055635,20.063648,37.783592,7.0572658,5.649779,29.007845,15.184696,39.490696,20.974152,26.756588,36.372105,10.179391,19.397293,20.984161,21.061695,21.438866,MIDDLE FLEXION
28.2886,16.618664,34.62333,7.3413215,5.613822,30.252522,14.595376,35.594032,18.57606,25.714294,35.117447,9.423905,20.26154,21.114569,19.15594,20.49012,MIDDLE FLEXION
24.669516,15.320249,31.927105,6.9731627,5.74108,27.757792,12.651482,30.209352,18.520933,22.59458,32.127014,10.339971,21.095142,21.04709,16.800447,19.358976,MIDDLE FLEXION
23.513826,12.893797,26.011536,6.5038447,5.083306,22.736425,10.23621,24.24335,21.953587,19.446207,30.063517,9.944094,17.501429,18.68395,14.199823,16.804316,MIDDLE FLEXION
20.45434,16.06378,17.89986,6.0365553,4.9365983,17.0401,7.6032887,16.847998,22.275211,21.941172,23.613237,9.079923,14.864219,13.182374,8.757568,14.515854,MIDDLE FLEXION
14.852946,18.371445,9.275236,4.1719303,3.379349,2.8574464,3.345893,5.2440443,14.604794,31.2578,12.86876,4.658326,2.2181072,2.258318,3.243455,8.499118,RING FLEXION
18.449797,19.084024,13.466254,4.4328322,3.51639,4.3145103,3.9477842,7.390873,16.737982,32.47037,18.09102,6.142475,2.9639502,3.7815342,3.3970575,10.818041,RING FLEXION
22.160664,18.654758,23.920074,5.8245173,3.9389086,6.7734776,6.4876804,17.033644,17.9074,30.641802,28.907352,8.666891,4.2953463,8.60465,6.884766,12.428798,RING FLEXION
25.625866,17.576975,35.18302,7.735632,4.398295,10.641193,8.068148,24.94073,18.507027,28.67464,38.009014,11.281622,7.0692997,10.720308,11.263214,14.43139,RING FLEXION
27.767157,18.701336,42.999187,9.851396,4.9789557,16.120949,9.726768,30.155182,18.6636,27.457968,45.919605,13.099046,8.788344,12.92807,12.888561,17.55762,RING FLEXION
28.32543,17.23862,48.345943,10.473538,5.0224495,19.526264,10.625676,33.998898,18.77525,26.146318,48.94977,14.117365,12.080356,14.743643,13.903237,18.326893,RING FLEXION
27.903404,15.466415,50.98235,10.667474,4.952777,23.115038,10.266207,33.26312,18.66869,24.126955,49.228447,14.214077,14.170921,14.554209,13.9264145,19.090574,RING FLEXION
27.571634,15.520793,48.196213,10.111628,4.971921,24.45547,10.275213,30.6387,19.516659,24.077065,46.8504,13.411189,18.499054,15.320249,12.474574,18.223885,RING FLEXION
26.459402,14.802872,45.530098,8.599128,4.7481575,22.501667,9.74782,27.830738,19.205208,22.602213,43.585033,12.513792,22.078382,14.884724,12.254387,16.495152,RING FLEXION
25.2915,15.716711,42.52029,8.342361,7.672027,22.498777,9.6262665,24.390879,19.490639,20.441502,40.94319,13.110873,27.449772,13.643863,11.513905,15.761345,RING FLEXION
28.011784,20.585554,34.408646,7.441438,9.528641,19.7279,9.111806,20.509754,22.21306,25.583881,34.599495,11.936499,27.019253,12.044708,10.652699,15.471748,RING FLEXION
26.196661,22.711891,28.158834,6.3843555,9.34425,16.073893,7.751774,15.843295,21.335417,24.499489,28.359303,10.611315,23.856236,9.036039,8.625544,13.852978,RING FLEXION
23.931568,22.917353,20.597572,5.43829,9.061732,14.223221,6.3655324,10.994317,19.74905,25.55083,19.803284,9.06256,19.89799,6.4811263,6.2916613,12.0391035,RING FLEXION
30.41447,22.472872,11.440935,6.2185206,15.514348,17.8233,7.2477584,29.119667,23.643604,24.412907,19.867939,10.679888,20.53436,7.3518705,14.630277,15.573535,THUMB FLEXION
30.92491,23.825722,12.008955,6.2357836,25.402166,25.180449,13.216467,37.487133,23.945145,23.138605,22.232296,16.247614,32.868145,19.14863,16.47832,25.432558,THUMB FLEXION
28.924297,23.373703,11.985617,5.947268,28.541899,29.373627,13.445259,36.83972,23.666222,20.334454,23.237253,18.261297,39.741035,22.14622,15.137701,26.424988,THUMB FLEXION
26.718159,23.522118,12.459535,5.7493477,29.014221,32.92727,20.046196,39.239075,21.514763,19.923227,22.17848,18.432716,41.97035,31.628706,13.655219,27.3717,THUMB FLEXION
26.914774,24.424475,13.453067,5.417564,26.795336,31.742165,23.041267,40.798958,20.383694,20.016369,18.377432,17.037899,40.411446,36.497192,15.548472,27.091972,THUMB FLEXION
25.306719,21.532185,13.10744,5.1063685,18.328802,28.344313,21.408176,35.28874,17.926378,17.65262,16.577847,12.301829,32.45235,33.425217,12.4982,19.58405,THUMB FLEXION
23.574139,20.183905,13.632682,5.495453,14.171098,25.800001,21.939007,36.115715,17.286411,15.877342,14.584752,9.819368,25.415646,33.700294,12.431814,17.701836,THUMB FLEXION
24.293312,15.042439,12.059021,5.324472,13.766263,24.198864,16.45114,33.44525,15.692195,10.778451,13.859113,9.198914,23.073145,27.451685,10.978388,14.517575,THUMB FLEXION
21.3,13.390481,9.138107,4.387482,13.42777,21.774412,11.573677,29.496017,14.708841,8.640312,11.254333,8.394046,22.865477,20.385288,7.61446,13.056799,THUMB FLEXION
22.989237,16.022171,10.421372,5.2033644,12.760878,19.054527,9.061181,25.84618,18.729656,14.577037,14.80743,8.693963,21.157742,17.665785,6.6022725,12.101033,THUMB FLEXION
24.60183,19.225115,12.250714,6.266179,11.333358,16.425589,6.1314764,19.072231,19.708754,15.801899,16.650826,8.889319,18.901852,12.769299,5.260228,11.408769,THUMB FLEXION
33.608704,35.159138,17.128632,5.6881456,12.664123,18.043697,9.923709,24.34851,23.568306,36.193024,25.37351,9.244458,19.31761,27.319956,14.953762,16.718702,THUMB FLEXION
33.93523,32.354595,16.993528,6.6449227,14.704251,20.856174,11.332034,27.258577,24.924788,34.463894,27.460426,10.525682,21.028908,27.72066,16.959068,16.531637,THUMB FLEXION
36.220505,28.134144,16.928526,7.064347,16.005936,22.908186,10.826588,25.686865,25.853916,30.44454,27.508453,11.311057,20.894735,28.023561,18.363688,15.558599,THUMB FLEXION
36.91138,21.284266,17.691523,8.129883,17.027771,21.533695,12.283322,28.35939,24.642544,26.534977,29.055206,14.362973,16.386885,18.994736,17.253117,15.125971,THUMB FLEXION
36.602253,19.159332,17.98569,8.746142,18.293442,21.94402,13.710398,28.784718,23.372847,17.336811,24.89307,16.785261,12.413501,19.15111,17.250652,15.665567,THUMB FLEXION
37.557888,14.865228,18.303825,9.123322,18.801197,21.48767,13.264992,27.934835,22.726526,10.889674,23.036058,18.56906,10.736386,19.904522,16.736786,16.632648,THUMB FLEXION
36.143463,12.509397,17.541521,9.212763,19.797222,19.842127,12.904456,29.954298,22.042913,9.535198,23.382471,19.490894,10.779379,20.31342,15.608171,16.333096,THUMB FLEXION
33.791195,11.854957,15.770225,8.779806,19.427944,18.840914,11.455785,27.566103,20.278313,8.519977,21.477547,17.437172,9.774457,19.077211,13.673697,15.472395,THUMB FLEXION
36.137585,16.367651,16.139084,9.494999,19.354069,18.962727,9.873449,26.427826,22.101017,12.3268,20.225231,16.221592,16.33386,17.921495,14.970805,15.588137,THUMB FLEXION
38.98506,19.448523,15.938789,10.033942,21.785316,16.307667,8.693676,25.77363,29.835548,22.989454,24.142183,16.669884,16.37773,16.170034,16.668083,19.444408,THUMB FLEXION
37.288403,22.53708,15.95901,9.697165,20.428656,13.402612,7.309925,19.71408,31.085205,25.24995,24.597256,16.148375,16.136139,22.894869,16.484842,19.827127,THUMB FLEXION
34.270103,24.481524,15.285778,9.044888,18.065298,11.484119,5.4635153,17.53468,30.001999,26.299429,23.078453,15.358711,15.807435,22.045067,17.656443,19.332355,THUMB FLEXION
3.5156791,4.234383,2.6410224,2.1805964,1.5459626,1.4560219,1.5362291,2.75318,3.3098338,6.927842,5.4281673,2.513961,1.6155494,1.4899665,2.6000001,5.020458,REST
3.735639,2.8346076,2.2203603,1.7029387,1.336039,1.1853269,1.4933184,3.238827,1.977372,2.310844,3.342903,2.0506096,1.4035668,1.3453624,2.04939,4.6567154,REST
4.039183,2.3611438,2.225983,1.6926311,1.3583078,1.2308533,1.4317821,3.490702,1.9300259,1.7804494,2.4708297,1.812457,1.4071248,1.3619839,1.9196354,2.4889758,REST
4.110353,2.4768932,2.1931713,1.6140013,1.3228756,1.2549901,1.4628739,3.934463,1.8506756,1.7592613,2.4576411,1.7734147,1.4089003,1.3674794,1.9118054,2.280351,REST
4.0981703,2.3420076,2.2594247,1.6613247,1.3133925,1.260952,1.37659,3.720887,1.776232,1.7277153,2.4320774,1.8654758,1.4089003,1.3910427,1.9104973,2.309762,REST
3.9032037,2.3937418,2.1931713,1.5937377,1.317194,1.3038405,1.352775,3.8813658,1.6598192,1.6568041,2.4382372,1.8343936,1.3928388,1.3341664,1.4439529,2.2891045,REST
3.6324923,2.4248712,2.1142373,1.5443445,1.2980754,1.2589679,1.3747727,4.0018744,1.7392527,1.6031219,2.5258663,1.7790446,1.3892444,1.2884098,1.4933184,2.2616365,REST
3.8360136,2.34094,1.9887182,1.5811388,1.3674794,1.2328827,1.339776,3.856164,1.7748239,1.6140013,2.442335,1.6955825,1.3509257,1.2922847,1.4882876,2.1760056,REST
3.7181985,2.3685439,1.8179659,1.5,1.352775,1.2589679,1.3114877,3.879433,1.7262677,1.6031219,2.5816662,1.7146429,1.7902514,1.3076696,1.4983324,2.0748494,REST
3.514968,2.2704625,1.8841443,1.5443445,1.3619839,1.2767146,1.3546218,4.209513,1.7691807,1.6278821,2.626785,1.852026,2.20794,1.36565,1.5066519,2.0796633,REST
3.3896902,2.162175,1.8601075,1.5264337,1.37659,1.2825755,1.339776,4.066325,1.7492856,1.6278821,2.5504901,1.8371173,2.2,1.3874437,1.4662879,2.1095023,REST
3.4329288,2.2461078,1.9672315,1.4983324,1.3546218,1.3266499,1.3266499,3.9217343,1.6941074,1.6748134,2.5288336,1.805547,2.194311,1.4106736,1.5732132,2.116601,REST
3.4612136,2.3075962,1.9570385,1.5427248,1.3247641,1.2786711,1.3247641,3.7980258,1.7204651,1.7029387,2.2572107,1.7146429,1.8574176,1.4071248,1.5921683,2.0760539,REST
3.4300146,2.2649503,1.9131126,1.4983324,1.3820275,1.3114877,1.266886,3.3734255,1.6837459,1.7535678,2.04939,1.5066519,1.3209845,1.3946326,1.6217275,2.02608,REST
3.4249086,3.408812,1.8881208,1.5083103,1.4265343,1.339776,1.2786711,3.753665,1.6955825,1.9091883,1.9364917,1.496663,1.3000001,1.4017845,1.6217275,2.0481699,REST
3.0463092,3.3294144,1.7349352,1.4815532,1.3982131,1.3076696,1.3114877,3.9452503,1.7277153,1.9,1.8694919,1.524795,1.3152946,1.356466,1.5116217,1.9962465,REST
2.9941611,3.2802439,1.7478559,1.4456832,1.459452,1.3304135,1.3057564,3.985599,1.7334936,1.9052559,1.7592613,1.471394,1.2922847,1.3038405,1.5475787,2.0012496,REST
3.0413814,5.124939,2.8044608,1.6867127,1.5182227,1.3435029,1.3490738,3.8878014,2.532785,3.4409301,2.3685439,1.596872,1.2708265,1.3416407,1.4983324,1.9326148,REST
4.56618,8.333967,4.6551046,2.3119256,1.7349352,1.4491377,1.454304,4.4384685,3.920459,5.3809853,5.4949975,2.1587033,1.4177446,1.4832398,1.6431677,3.4561539,REST
6.2924557,8.666891,5.4671745,3.274141,2.1575449,1.8654758,1.5732132,4.6103144,5.301415,5.5928526,5.987487,2.4041631,1.56205,1.4849242,1.7204651,4.0459857,REST
6.2849026,8.8439245,6.7312703,4.838905,2.4939928,2.0062404,1.6370705,7.1505246,5.640922,5.7649803,6.7764297,2.7495453,1.7248188,1.5231546,1.9131126,4.181507,REST
6.288084,8.037413,6.8898478,4.814042,2.4576411,1.979899,1.7363756,9.574184,5.5825624,5.3935146,8.341463,3.1,1.7958285,1.6568041,2.34094,4.621688,REST
5.2626038,3.9749215,5.9485292,4.5464272,2.2737634,1.8947295,1.6522712,9.682716,4.732864,3.764306,7.1116104,2.8879058,1.6955825,1.5182227,2.4596748,3.778227,REST
3.2054641,3.3052988,5.4886246,3.937639,1.8854707,1.4798648,1.6926311,10.890821,3.1168895,4.2608685,7.2356753,2.7730849,1.5475787,1.5443445,2.5149553,3.2148094,REST
3.4785054,2.9478805,4.192851,1.7378147,1.3638182,1.3416407,1.6613247,9.941076,2.4300206,4.5005555,8.027453,2.6124701,1.454304,1.5329709,2.406242,3.0463092,REST
3.9357338,2.866182,3.6571846,1.8275666,1.336039,1.3674794,1.6155494,8.458427,1.805547,4.397158,7.1389775,2.2825425,1.4035668,1.4106736,2.1035686,2.4667792,REST
4.155117,2.836371,3.6769552,1.8493242,1.3546218,1.37659,1.6643317,7.9592714,1.7291616,4.3226147,7.5186434,2.316247,1.423025,1.4560219,1.8681542,2.192031,REST
4.5617976,2.9444864,3.7396524,1.9052559,1.3946326,1.419507,1.6031219,6.6704574,1.6807736,3.8078866,7.8112097,2.4586582,1.4439529,1.4916433,1.7720045,2.1177819,REST
4.4553337,2.8731515,3.640055,1.9937402,1.4159802,1.3601471,1.7058722,6.594695,1.7334936,3.5721142,6.968859,2.6182055,1.4177446,1.5280707,1.7449929,2.0506096,REST
4.1231055,2.6916537,3.5213633,1.8774984,1.4422204,1.3820275,1.6822604,5.7636795,1.7464249,3.1898277,6.342318,2.6542418,1.430035,1.4474115,1.6763054,1.9937402,REST
3.8807216,2.6683328,3.4102786,1.9723083,1.4456832,1.3784049,1.5874507,6.002916,1.7088008,3.1216981,5.6581798,2.5622256,1.421267,1.3892444,1.6324828,1.8708287,REST
4.120073,2.5865035,3.3451457,1.9104973,1.405347,1.3910427,1.5378556,5.71533,1.7117243,3.3346665,6.046073,2.4768932,1.4456832,1.3838352,1.6140013,1.8152136,REST
3.971146,2.5700195,3.1614869,1.9248376,1.4017845,1.3982131,1.37659,5.134199,1.6926311,3.994371,6.2996035,2.4617066,1.4747881,1.3379087,1.5811388,1.8654758,REST
3.885872,2.6944387,3.2465365,1.9455076,1.3601471,1.3379087,1.3674794,5.325411,1.7464249,4.2225585,6.61211,2.5387006,1.473092,1.3638182,1.6477257,1.7860571,REST
4.020572,2.7092435,3.3726845,1.8547237,1.3490738,1.3820275,1.4747881,5.5932994,1.7320508,4.2649736,6.702238,2.6220222,1.496663,1.4124447,1.7,1.839837,REST
3.2349653,2.5787594,3.0618622,1.8316659,1.3416407,1.3453624,1.4370108,5.827521,1.8654758,3.9019227,5.460769,2.5495098,1.4899665,1.3747727,1.7492856,2.108317,REST
3.8652296,2.6391287,3.2,1.8371173,1.36565,1.3583078,1.5033296,6.157516,1.8547237,3.4583232,5.33151,2.427962,1.4899665,1.3435029,1.7190113,2.1988633,REST
3.9096036,2.5602734,3.012474,1.7233688,1.3856406,1.356466,1.5182227,5.8215117,1.8179659,3.2101402,5.0014997,2.3032584,1.473092,1.328533,1.6124516,2.197726,REST
4.1376324,2.4748738,2.8740215,1.8303005,1.4370108,1.3152946,1.496663,5.6700974,1.8275666,2.9257479,4.909684,2.2371857,1.4764823,1.3472193,1.5984367,2.2825425,REST
4.2373343,2.5288336,3.1976554,1.9013153,1.4866068,1.3946326,1.5953057,6.261789,1.7958285,2.9849622,5.991244,2.513961,1.473092,1.3856406,1.6446884,2.2045407,REST
3.7128155,2.660827,4.104875,2.3717082,1.6077936,1.5636495,1.5443445,5.506814,1.8627936,3.229551,6.446705,2.766767,1.5016658,1.430035,3.0430248,2.2923787,REST
3.6660604,2.6229753,4.0193286,2.4145393,1.5921683,1.5795568,1.4387494,5.117128,1.8152136,3.2619014,6.5540066,2.7712812,1.4849242,1.3982131,3.0174491,2.3065126,REST
3.2511537,2.5797286,4.1255302,2.38642,1.5427248,1.5588458,1.419507,4.3652034,1.8708287,3.4583232,6.921705,2.8089144,1.4370108,1.3619839,2.987474,2.2627416,REST
3.0364454,2.5119712,3.8910153,2.2891045,1.4899665,1.5215124,1.2786711,1.5684388,1.8207141,3.3977935,5.9674115,2.6210685,1.4491377,1.3209845,2.9419382,2.2693613,REST
2.7721832,2.260531,2.782984,1.6385969,1.2903488,1.3152946,1.2369317,1.5700318,1.8013883,2.4909837,4.768123,2.291288,1.3546218,1.3114877,1.43527,2.1130548,REST
2.53673,2.1633308,2.8809721,1.6140013,1.2589679,1.3209845,1.3133925,1.554027,1.7944359,2.252776,4.3416586,2.2538855,1.3583078,1.3638182,1.454304,2.0383818,REST
2.3270152,2.0457273,2.7820854,1.5165751,1.24499,1.328533,1.2529964,1.4747881,1.7291616,2.0359273,3.6884956,2.143595,1.3838352,1.3638182,1.4696939,1.9836835,REST
2.0880613,1.9300259,2.8354893,1.5524175,1.2409674,1.2845232,1.24499,1.4662879,1.6970563,2.0952327,4.3231936,2.1177819,1.3874437,1.3784049,1.4282857,1.835756,REST
2.0748494,1.8601075,2.8044608,1.5264337,1.2489996,1.2922847,1.2708265,1.4560219,1.6324828,2.143595,4.148494,2.1494186,1.4142135,1.36565,1.4282857,1.7578396,REST
2.1283798,1.9621416,2.7018514,1.5411035,1.24499,1.2589679,1.2020816,1.4387494,1.6186414,2.2781572,4.4446597,2.192031,1.4422204,1.3856406,1.4439529,1.7449929,REST
2.2770596,2.0579116,2.7285528,1.5198684,1.3152946,1.24499,1.2206556,1.4983324,1.6401219,2.252776,4.456456,2.2726636,1.4882876,1.3416407,1.6232682,1.9,REST
2.5089839,2.182888,2.7358727,1.5066519,1.3190906,1.2369317,1.1979148,1.5149257,1.6763054,2.2022715,4.117038,2.3958297,1.4832398,1.3820275,2.0211382,1.9493588,REST
2.607681,2.2494442,2.7919528,1.5313393,1.3435029,1.2247449,1.2267845,1.5329709,1.6881943,2.2704625,4.16113,2.309762,1.4577379,1.36565,2.0408332,2.0760539,REST
2.6523573,2.2203603,2.9681644,1.5016658,1.3435029,1.24499,1.2708265,1.5443445,1.8275666,2.2505555,4.142463,2.2293496,1.4106736,1.3583078,2.0554805,2.21698,REST
2.7027764,2.4677925,2.9402382,1.5588458,1.3114877,1.264911,1.286468,1.5149257,1.8466185,2.347339,4.078603,2.20794,1.3982131,1.4177446,1.9557607,2.2293496,REST
2.7712812,2.487971,2.958885,1.6370705,1.3856406,1.2806249,1.2884098,1.56205,1.8384776,2.3355942,4.2195973,2.1817424,1.4089003,1.3856406,1.5508063,2.1965883,REST
2.7449954,2.5426364,2.8930953,1.7521415,1.3619839,1.2922847,1.2903488,1.5297059,1.8547237,2.3895607,4.3220367,2.21698,1.454304,1.4265343,1.5132746,2.1505814,REST
2.7649593,2.5874698,2.7982137,1.7972201,1.3546218,1.2961481,1.3322912,2.3184047,1.7986106,2.4708297,4.3075514,2.3248656,1.4370108,1.3874437,1.5165751,2.144761,REST
2.8248894,2.4166093,2.936835,1.805547,1.396424,1.2825755,1.2980754,2.329163,1.811077,2.5903668,4.921382,2.3727622,1.4142135,1.3416407,1.430035,2.0772579,REST
2.6748831,2.4586582,3.025723,1.7846568,1.3247641,1.2825755,1.3247641,2.3334525,1.7874563,2.5553865,5.025933,2.4103942,1.4089003,1.3322912,1.4159802,2.215852,REST
3.1392674,2.5748787,3.1408596,1.8207141,1.4335271,1.336039,1.3435029,3.6448593,1.954482,2.7793884,5.4037027,2.4698179,1.3583078,1.3247641,1.5636495,2.4748738,REST
3.3264093,3.0306766,4.3640575,2.7303846,1.9352002,1.7592613,1.4159802,3.2218008,2.3323808,3.4292858,7.0263786,2.764055,1.5427248,1.3619839,1.5684388,3.2426841,REST
3.369718,3.3128538,5.096077,3.7669616,2.2561028,1.9442222,1.4916433,3.3052988,2.462722,3.5305808,6.753888,2.8301945,1.852026,1.4159802,3.9774363,3.2817678,REST
3.4263682,3.3030288,4.9684,3.80723,2.2737634,1.9300259,1.4849242,3.275668,2.4596748,3.5007143,6.3780875,2.7285528,1.8343936,1.4017845,3.980578,3.200781,REST
3.177263,3.2,4.84252,3.7436614,2.201136,1.8788294,1.4335271,1.6673332,2.3643181,3.1646485,5.7397733,2.606722,1.861451,1.4124447,3.928104,3.0066593,REST
2.952118,2.6823497,3.6200829,3.0854497,1.7888544,1.4764823,1.3322912,1.6124516,1.9131126,2.2494442,2.8618176,2.1470912,1.7219175,1.4247807,3.9370039,2.0688162,REST
2.87054,2.2271059,2.2102036,1.6598192,1.317194,1.2247449,1.2806249,1.4662879,1.7606816,1.9748418,2.6201146,1.9748418,1.336039,1.3838352,1.4798648,2.0310097,REST
2.7982137,2.1377559,2.2248595,1.4916433,1.2509996,1.2429802,1.2845232,1.4849242,1.7649362,2.118962,3.0083218,1.8881208,1.3472193,1.4089003,1.496663,2.0724382,REST
2.5583198,2.260531,3.202343,1.6703293,1.3228756,1.2308533,1.2688577,1.5083103,1.704406,2.6009614,4.60163,2.171405,1.356466,1.3693064,1.5182227,2.0,REST
2.5719643,2.4454038,3.5630043,1.7449929,1.3472193,1.2206556,1.2786711,1.524795,1.762101,2.9470325,5.540758,2.2549944,1.421267,1.3509257,1.4387494,1.9824228,REST
2.6542418,2.5855367,4.009364,1.6970563,1.3114877,1.2529964,1.2569805,1.5016658,1.7014699,3.722902,6.253799,2.302173,1.4159802,1.3693064,1.4404861,1.9364917,REST
2.6353369,2.5592968,4.135215,1.7190113,1.3638182,1.2349089,1.24499,1.4899665,1.7204651,3.964215,6.7227225,2.2945588,1.43527,1.339776,1.4159802,1.9091883,REST
2.6981475,2.3537204,3.7047267,1.5165751,1.339776,1.2884098,1.266886,1.4747881,1.7248188,4.051543,6.583692,2.0688162,1.430035,1.3674794,1.405347,1.977372,REST
2.792848,2.4566236,4.7185802,1.5890249,1.339776,1.3546218,1.2806249,1.5165751,1.6552945,4.8631268,7.5904546,2.2181072,1.4,1.3322912,1.4404861,2.008731,REST
2.6086395,2.4443812,4.7916594,1.6522712,1.3583078,1.3266499,1.2825755,1.554027,1.8627936,4.867751,8.160882,2.297825,1.4474115,1.2903488,1.5165751,2.1283798,REST
2.866182,2.5455844,5.1638165,1.7088008,1.371131,1.317194,1.3304135,1.7029387,1.9118054,5.1097946,9.037422,2.3643181,1.4282857,1.3133925,1.555635,2.2022715,REST
2.9690065,2.641969,5.4644303,1.7507142,1.3802173,1.2903488,1.3472193,2.7802877,1.9118054,5.181699,9.14139,2.345208,1.430035,1.339776,1.6140013,2.1988633,REST
2.9715316,2.462722,4.555217,1.8179659,1.4017845,1.2509996,1.3209845,3.4139419,1.9300259,4.279603,7.9479556,2.1354156,1.471394,1.3802173,1.6278821,2.2405357,REST
3.3045423,2.4758837,4.005621,1.7592613,1.3928388,1.2469964,1.336039,4.0106106,1.7392527,3.57701,6.820557,1.948076,1.4832398,1.405347,1.6093477,2.2068076,REST
3.235738,2.427962,3.232646,1.6896745,1.371131,1.2845232,1.2806249,4.221374,1.7635192,2.8195744,4.763402,1.812457,1.4696939,1.3910427,1.5636495,2.2,REST
3.2503846,2.3345234,2.2371857,1.6911534,1.317194,1.264911,1.2786711,4.1346097,1.7349352,2.1224985,3.2256782,1.7146429,1.4035668,1.3322912,1.4916433,2.1725562,REST
3.2611349,2.260531,1.7435596,1.4798648,1.3379087,1.294218,1.2549901,4.140048,1.8479718,1.9,2.5719643,1.6340135,1.372953,1.3982131,1.4508618,2.280351,REST
2.9807718,2.9487286,2.3130066,1.6598192,1.371131,1.3114877,1.2489996,3.5404801,1.8774984,1.7549928,1.9949937,1.7464249,1.3982131,1.4404861,8.32226,2.1342444,REST
2.8521922,3.027375,2.448469,1.8096961,1.3619839,1.2688577,1.3019217,3.5566838,1.7720045,1.7363756,2.192031,1.7549928,1.4177446,1.43527,8.370783,2.1389248,REST
3.1160872,3.0983868,2.5069902,1.7748239,1.3784049,1.317194,1.328533,3.4132097,1.8986838,1.7549928,2.2737634,1.8275666,1.4662879,1.4983324,8.370185,2.4433582,REST
4.316828,3.268027,2.6362853,1.8439089,1.3693064,1.2961481,1.3435029,4.236744,1.8425525,1.7986106,2.421776,1.954482,1.4577379,1.4247807,8.372873,2.3205602,REST
5.5592265,2.7184553,2.1851773,1.7478559,1.3619839,1.2786711,1.4387494,4.9386234,1.7776389,1.6718254,2.2989128,1.8788294,1.4035668,1.4142135,1.7277153,2.3937418,REST
6.051033,2.8416543,2.1748564,1.6340135,1.396424,1.3509257,1.4560219,5.2052855,1.762101,1.6598192,2.1656408,2.0236106,1.3784049,1.4159802,1.5231546,2.3569047,REST
7.0611615,2.9444864,2.3270152,1.6911534,1.4404861,1.3209845,1.5411035,5.648894,1.7507142,1.6324828,2.2638464,2.0736442,1.3802173,1.3266499,1.6263456,2.347339,REST
7.0590367,2.8098042,2.3979158,1.7449929,1.4387494,1.371131,1.596872,5.915657,1.7262677,1.6309507,2.221486,2.1130548,1.4017845,1.339776,1.6718254,2.4708297,REST
7.362065,2.9478805,2.4708297,1.7291616,1.534601,1.3892444,1.6658331,6.6441703,1.8303005,1.704406,2.177154,2.0832667,1.419507,1.336039,1.7014699,2.5768197,REST
8.066908,2.892231,2.5797286,1.7846568,1.5394804,1.3209845,1.762101,6.9137545,1.8506756,1.704406,2.184033,1.9987496,1.430035,1.336039,1.7606816,2.6495283,REST
7.7194557,3.082207,2.6870058,1.9506409,1.5652477,1.356466,1.7435596,6.902898,1.7776389,1.6613247,2.0808651,2.007486,1.419507,1.4142135,1.7972201,2.5317976,REST
8.055122,3.2116973,2.6315396,1.8694919,1.555635,1.3247641,1.767767,6.731642,1.7720045,1.6552945,2.0976176,1.954482,1.4370108,1.4124447,1.7549928,2.4382372,REST
8.041766,3.0602288,2.5406692,1.9313208,1.5099669,1.3133925,1.7233688,6.317832,1.7320508,1.7073371,2.0383818,1.9506409,1.4317821,1.4159802,1.7720045,2.4779024,REST
7.947012,3.0487702,2.3874671,1.9118054,1.5016658,1.3266499,1.6370705,6.529548,1.7549928,1.7720045,2.066398,2.0211382,1.4265343,1.4265343,1.7291616,2.641969,REST
7.6850505,2.8213472,2.1,1.7233688,1.4815532,1.3133925,1.6852299,6.3835726,1.7406895,1.8013883,1.951922,1.8721646,1.4159802,1.43527,1.6446884,2.4939928,REST
7.438414,2.7568097,2.1201415,1.8452642,1.5132746,1.3341664,1.767767,6.1534543,1.8234583,1.8681542,1.9912307,1.7874563,1.352775,1.4508618,1.7902514,2.4959967,REST
7.525291,3.0708306,2.2056744,1.7663522,1.5264337,1.3057564,1.7088008,6.1708994,1.8721646,1.8207141,1.9786359,1.7146429,1.3546218,1.3982131,1.7435596,2.3569047,REST
7.387151,3.0569594,2.2248595,1.7233688,1.5716233,1.3453624,1.668832,5.7870545,1.9235384,1.7449929,1.8788294,1.5636495,1.3583078,1.421267,1.7277153,2.1154196,REST
8.042077,3.0422032,2.2693613,1.7449929,1.5604486,1.3490738,1.6385969,6.539113,1.9170289,1.7378147,1.9287301,1.6155494,1.423025,1.4035668,1.6955825,2.2405357,REST
8.384212,3.0536864,2.2449944,1.6583124,1.5491934,1.3190906,1.5394804,6.7767987,1.8960485,1.6568041,1.805547,1.6201851,1.4159802,1.4035668,1.6294171,2.2792542,REST
7.395945,3.3414068,3.4051433,2.5816662,1.7190113,1.5362291,1.5572411,6.114736,2.1295538,4.723346,2.3874671,1.9026297,1.4815532,1.454304,1.8248287,2.4596748,REST
6.548282,3.4007351,3.5327044,2.7431734,1.6955825,1.5491934,1.5394804,5.526753,2.251666,4.8264894,2.5258663,1.9455076,1.471394,1.4106736,1.8343936,2.3579652,REST
5.1633325,3.2893767,3.5805027,2.84605,1.7334936,1.5411035,1.4404861,3.934463,2.2945588,4.8192325,2.539685,1.9685019,1.430035,1.3874437,1.8261982,2.2315915,REST
3.1408596,3.1945267,3.542598,2.8416543,1.6537836,1.5132746,1.3472193,2.0112185,2.2726636,4.8114448,2.5179358,1.9621416,1.423025,1.3304135,1.7349352,2.092845,REST
2.8266587,2.4989998,2.310844,2.0310097,1.454304,1.328533,1.328533,1.554027,1.9974984,1.8973665,1.9583156,1.7102631,1.3379087,1.2806249,1.473092,1.8013883,REST
2.9197602,2.1874642,2.1047566,1.8027756,1.4106736,1.2489996,1.3546218,1.5984367,1.7705932,1.6248077,1.7902514,1.6643317,1.356466,1.3095801,1.3910427,1.8533753,REST
3.145632,2.2427661,1.9065676,1.5297059,1.286468,1.2469964,1.371131,2.7276363,1.7521415,1.6355428,1.7790446,1.6792855,1.3341664,1.336039,1.4247807,1.9326148,REST
3.3548472,2.2394195,1.8881208,1.4933184,1.3416407,1.2708265,1.4124447,3.3488805,1.7291616,1.6186414,1.8248287,1.7073371,1.3784049,1.3247641,1.4832398,1.9595917,REST
3.3660066,2.215852,1.9377823,1.4282857,1.3019217,1.2629331,1.3546218,3.9198215,1.7014699,1.596872,1.8841443,1.7888544,1.3802173,1.3490738,1.4983324,2.0285463,REST
3.166228,2.20794,1.8841443,1.352775,1.2569805,1.266886,1.3619839,4.2714167,1.6431677,1.5588458,1.8316659,1.7606816,1.37659,1.3057564,1.5066519,2.0310097,REST
3.1859064,2.1400933,1.9583156,1.3379087,1.2825755,1.2369317,1.317194,4.0218153,1.6309507,1.5827192,1.8384776,1.7248188,1.3982131,1.2767146,1.4949917,2.0223749,REST
3.0959651,2.1213202,1.8973665,1.2727922,1.2409674,1.2429802,1.2688577,3.947151,1.596872,1.5636495,1.7902514,1.6537836,1.3601471,1.317194,1.496663,2.0615528,REST
3.3406587,2.0688162,1.7958285,1.3076696,1.1895378,1.2349089,1.2747549,3.990614,1.668832,1.5411035,1.6792855,1.5033296,1.3490738,1.3057564,1.4949917,2.1023796,REST
3.4110117,2.059126,1.7492856,1.294218,1.195826,1.2549901,1.2806249,4.048456,1.7029387,1.5842979,1.7175565,1.496663,1.3266499,1.3076696,1.5215124,2.0518284,REST
3.241913,2.0820663,1.668832,1.3453624,1.17047,1.2529964,1.2903488,4.104875,1.6462078,1.4798648,1.6703293,1.4696939,1.3095801,1.2903488,1.5,1.9824228,REST
3.3090785,2.014944,1.5984367,1.3583078,1.2144958,1.2389512,1.3546218,4.2749267,1.6477257,1.5198684,1.6232682,1.4422204,1.3472193,1.2688577,1.4628739,1.9326148,REST
3.0894983,2.0820663,1.6324828,1.3583078,1.2206556,1.2429802,1.3095801,4.0644803,1.5394804,1.471394,1.6941074,1.5099669,1.3601471,1.2469964,1.4456832,1.8330302,REST
3.2116973,2.1988633,1.6507574,1.4456832,1.2825755,1.2825755,1.3057564,3.905125,1.6324828,1.4781746,1.6763054,1.4832398,1.3490738,1.3601471,1.4611639,1.8627936,REST
3.3286633,2.1737065,1.6370705,1.4017845,1.286468,1.2786711,1.317194,3.7841775,1.6792855,1.524795,1.6985288,1.4159802,1.3490738,1.405347,1.454304,1.8814888,REST
3.4154062,2.3906066,1.704406,1.419507,1.2308533,1.2688577,1.2549901,3.494281,1.7349352,1.5763882,1.7549928,1.4335271,1.3509257,1.4422204,1.473092,1.9326148,REST
3.5404801,2.3280895,1.704406,1.4035668,1.2884098,1.3057564,1.3000001,3.5888717,1.7464249,1.6093477,1.7088008,1.3601471,1.3509257,1.4439529,1.4422204,1.9748418,REST
3.4921339,4.249706,3.533412,2.2715633,1.6792855,1.5378556,1.3304135,3.3660066,3.0504098,2.201136,5.3842363,2.02608,1.4866068,1.3820275,1.4422204,2.2538855,REST
3.719543,5.4603114,4.1689324,2.8618176,1.979899,1.7860571,1.3856406,3.1128764,4.591296,3.0413814,6.0398674,2.3685439,1.6703293,1.419507,1.5231546,2.864437,REST
3.542598,5.915657,4.613025,3.4007351,2.2135944,1.8841443,1.419507,3.0108137,5.7397733,3.3992646,6.0749483,2.5129664,1.7014699,1.4335271,1.5394804,2.9034462,REST
3.2365105,5.9527307,4.6888165,3.4705908,2.266054,1.9013153,1.419507,2.2836375,5.926213,3.4597688,6.082351,2.5942245,1.6896745,1.4491377,1.5921683,2.8195744,REST
2.9214723,4.8569536,3.5341194,2.9807718,2.0273135,1.6955825,1.37659,2.1213202,5.561475,3.1432467,3.2977264,2.1389248,1.6,1.4265343,1.5443445,2.554408,REST
2.4072807,3.9968739,2.7138534,2.4341323,1.7578396,1.4577379,1.3152946,1.9248376,5.2306786,2.421776,1.7804494,1.7720045,1.43527,1.3057564,1.4525839,1.8013883,REST
2.7838821,3.7887993,1.9672315,1.6263456,1.4764823,1.352775,1.3209845,2.3600848,4.4260592,1.9608672,1.7,1.5636495,1.3619839,1.2884098,1.4124447,1.668832,REST
3.9881072,3.8353617,1.8330302,1.4764823,1.3416407,1.3019217,1.419507,3.9134383,4.327817,1.9352002,1.7248188,1.4949917,1.471394,1.3095801,1.3856406,1.861451,REST
4.9234133,3.8340578,1.8841443,1.4679918,1.3038405,1.2747549,1.4679918,4.6384263,4.2819386,1.9157244,1.7175565,1.5049918,1.4456832,1.3190906,1.4282857,2.0518284,REST
5.784894,3.3301651,1.9899749,1.566844,1.3747727,1.2903488,1.5684388,5.9987497,3.6823907,2.1389248,1.7507142,1.5475787,1.4560219,1.3910427,1.5099669,2.1035686,REST
6.5601068,2.7964263,2.0285463,1.6140013,1.43527,1.2767146,1.6446884,6.4171643,3.4539833,2.295648,1.67332,1.5763882,1.459452,1.4124447,1.6186414,2.2759614,REST
7.045211,2.799107,2.1154196,1.7790446,1.496663,1.2884098,1.67332,6.4042954,3.3860006,2.2483327,1.6062378,1.6294171,1.3509257,1.4,1.6522712,2.3979158,REST
7.4682665,2.7802877,2.1851773,1.7363756,1.5083103,1.339776,1.7117243,6.4385557,3.2519224,2.2538855,1.6643317,1.6,1.3472193,1.4071248,1.7262677,2.3600848,REST
7.5874896,2.8879058,2.2967367,1.835756,1.4662879,1.294218,1.7146429,6.2609906,2.7221315,2.0062404,1.6896745,1.6340135,1.3114877,1.3910427,1.7720045,2.4657655,REST
7.8032045,2.946184,2.2945588,1.8681542,1.4456832,1.2549901,1.6970563,6.355706,2.2394195,1.7363756,1.7349352,1.6278821,1.317194,1.3619839,1.6837459,2.3558438,REST
7.805126,3.0298514,2.3010867,1.7592613,1.4679918,1.266886,1.8165902,6.264982,2.0736442,1.767767,1.7804494,1.6031219,1.3152946,1.3000001,1.6896745,2.209072,REST
7.644279,3.0033317,2.3140874,1.852026,1.4577379,1.2767146,1.8452642,6.6820655,1.8425525,1.8013883,1.7392527,1.6416456,1.3490738,1.264911,1.6985288,2.2726636,REST
7.7453213,3.078961,2.3323808,1.7435596,1.5165751,1.3000001,1.8138357,6.4436016,1.7161002,1.8165902,1.7507142,1.6201851,1.3583078,1.2409674,1.6552945,2.2737634,REST
7.631186,3.04959,2.2869194,1.7131841,1.5475787,1.3747727,1.7663522,6.4799695,1.6217275,1.8452642,1.762101,1.6613247,1.3209845,1.3341664,1.6583124,2.281447,REST
7.2958894,2.8974128,2.1886067,1.7478559,1.5099669,1.3546218,1.6507574,6.8051453,1.5827192,1.7958285,1.7378147,1.6324828,1.372953,1.4177446,1.7088008,2.2748628,REST
7.1442285,2.8142495,2.1954498,1.6896745,1.5165751,1.352775,1.6232682,6.971729,1.6340135,1.7790446,1.7846568,1.5953057,1.3490738,1.4474115,1.6552945,2.230471,REST
6.8220234,2.719375,2.197726,1.6763054,1.4815532,1.3892444,1.6062378,6.806247,1.7306068,1.8013883,1.7846568,1.5652477,1.3341664,1.4696939,1.6401219,2.1851773,REST
6.09672,2.9841247,2.3632605,1.9157244,1.4456832,1.3820275,1.5827192,6.2473993,1.9912307,1.8371173,2.228228,1.8138357,1.421267,1.3928388,4.3502874,2.2371857,REST
5.2877216,2.879236,2.6095977,2.2327113,1.5182227,1.3910427,1.4282857,5.149272,2.1354156,1.8788294,2.291288,1.8493242,1.356466,1.3982131,4.349138,2.280351,REST
4.312192,2.74135,2.4545875,2.209072,1.4798648,1.3601471,1.3304135,3.491418,2.1295538,1.8248287,2.2572107,1.9091883,1.3638182,1.3982131,4.3370495,2.1908903,REST
3.3563373,2.5169425,2.3,2.116601,1.4370108,1.3209845,1.2708265,2.3759208,2.0892582,1.7606816,2.1817424,1.8894444,1.3820275,1.3784049,4.302325,2.0952327,REST
2.5592968,1.8220867,1.9710404,1.8234583,1.3946326,1.2727922,1.2589679,1.56205,1.8973665,1.6852299,1.6446884,1.5874507,1.3152946,1.3674794,1.4628739,2.0892582,REST
2.5612497,1.8207141,1.5763882,1.3000001,1.2509996,1.2186058,1.2922847,1.5984367,1.7564168,1.6370705,1.5049918,1.4866068,1.3674794,1.3453624,1.3674794,1.9723083,REST
2.5739076,1.9091883,1.6552945,1.2922847,1.2308533,1.1979148,1.2509996,1.6598192,1.7406895,1.5921683,1.43527,1.4177446,1.3583078,1.3209845,1.356466,1.9222382,REST
2.3685439,1.8986838,1.5700318,1.3546218,1.2884098,1.174734,1.2747549,1.6658331,1.7435596,1.5427248,1.4781746,1.4370108,1.339776,1.3304135,1.4089003,1.882817,REST
2.411431,1.8560711,1.5763882,1.3509257,1.3019217,1.2267845,1.3076696,1.6748134,1.767767,1.5033296,1.4696939,1.4370108,1.36565,1.3601471,1.4404861,1.7349352,REST
2.3194828,1.8907671,1.5684388,1.3892444,1.3453624,1.2124356,1.3114877,1.6748134,1.8,1.4679918,1.4849242,1.4422204,1.3583078,1.3928388,1.4611639,1.6613247,REST
2.2748628,1.8220867,1.5116217,1.4439529,1.3472193,1.2349089,1.4089003,1.6552945,1.805547,1.4645818,1.5362291,1.4247807,1.396424,1.421267,1.454304,1.7334936,REST
2.330236,1.8220867,1.5905974,1.4456832,1.2328827,1.2589679,1.3802173,1.6155494,1.7972201,1.496663,1.5264337,1.4017845,1.4422204,1.4577379,1.4491377,1.7691807,REST
2.396873,1.8774984,1.6324828,1.4577379,1.264911,1.2328827,1.339776,1.5684388,1.7748239,1.5,1.5811388,1.4035668,1.4142135,1.4335271,1.4577379,1.8316659,REST
2.5524497,1.7958285,1.6232682,1.4525839,1.2429802,1.2786711,1.3509257,1.5459626,1.6852299,1.5297059,1.5795568,1.4317821,1.4560219,1.3784049,1.4832398,1.9078784,REST
2.6832814,1.8466185,1.6431677,1.4265343,1.266886,1.3114877,1.264911,1.524795,1.7363756,1.5198684,1.5149257,1.419507,1.3747727,1.3638182,1.4662879,1.8601075,REST
2.738613,1.9065676,1.6522712,1.4849242,1.3546218,1.3133925,1.2806249,1.5508063,1.7649362,1.4747881,1.5508063,1.430035,1.3114877,1.3509257,1.4832398,1.8761663,REST
2.748636,1.9,1.5827192,1.430035,1.339776,1.2903488,1.3000001,1.5636495,1.7131841,1.4781746,1.5329709,1.4577379,1.3341664,1.3509257,1.4815532,1.8069311,REST
2.6776855,1.8881208,1.566844,1.430035,1.3583078,1.3209845,1.2903488,1.6,1.7521415,1.4611639,1.5795568,1.4916433,1.2629331,1.3509257,1.4265343,1.8,REST
2.758623,1.9467922,1.4696939,1.3509257,1.3674794,1.2767146,1.3490738,1.668832,1.7190113,1.4679918,1.6093477,1.5329709,1.3114877,1.3892444,1.5033296,1.8601075,REST
2.6589472,1.8801596,1.4696939,1.2922847,1.3209845,1.2825755,1.372953,1.6340135,1.6613247,1.4916433,1.5572411,1.5231546,1.336039,1.3266499,1.4916433,1.8466185,REST
2.9283102,2.7549956,3.4416566,2.2847319,1.496663,1.5231546,1.4679918,2.6814175,2.572936,2.3462737,3.383046,2.1931713,1.4645818,1.3509257,1.6186414,2.7883687,REST
3.6359317,3.1280985,3.9768076,2.884441,1.8013883,1.7029387,1.5231546,2.7712812,2.884441,2.8974128,4.217819,2.4041631,1.8439089,1.3856406,11.0421915,3.133688,REST
3.6496575,3.4763486,4.140652,2.9690065,1.8083141,1.7029387,1.5165751,2.8178005,4.373214,3.078961,4.506107,2.5612497,1.861451,1.3583078,11.052602,3.2572994,REST
3.7934153,3.7255871,4.248529,3.0066593,1.8479718,2.0432818,1.5,2.8469281,4.5243783,3.2186954,4.7513156,2.6748831,2.2627416,1.3928388,11.057576,3.3331666,REST
3.5249114,3.2611349,3.04959,2.3895607,1.6777962,2.0049937,1.372953,1.8841443,4.128559,2.7248855,3.9604294,2.230471,2.2671568,1.4124447,11.0367565,2.6448061,REST
2.8478062,3.0813959,2.6182055,1.5890249,1.3601471,1.8343936,1.2767146,1.7161002,3.9616916,2.3065126,3.335416,2.0688162,1.9987496,1.3946326,1.5394804,2.2427661,REST
2.6057627,2.6823497,2.5612497,1.4317821,1.3095801,1.8411953,1.2267845,1.5427248,2.349468,2.1851773,3.3098338,1.9377823,1.9874607,1.4159802,1.4422204,2.0603397,REST
2.4197106,2.4505103,2.6353369,1.3674794,1.2845232,1.4662879,1.1597414,1.4882876,2.1272047,2.0988092,3.3533566,1.9196354,1.5491934,1.4106736,1.4491377,1.9196354,REST
2.3843238,2.501,2.9291637,1.4696939,1.3601471,1.3114877,1.1467345,1.4983324,2.3140874,2.991655,4.3794975,2.1459265,1.4317821,1.4159802,1.454304,1.8627936,REST
2.3151674,2.501,3.0083218,1.5264337,1.3435029,1.3209845,1.1489125,1.4662879,2.391652,3.4278274,4.9764442,2.2847319,1.4474115,1.4265343,1.496663,1.9416487,REST
2.3043437,2.6739485,2.952118,1.5937377,1.3583078,1.3304135,1.129159,1.4577379,2.3420076,3.6441734,5.3884134,2.406242,1.4491377,1.396424,1.4815532,1.9118054,REST
2.3727622,2.6851444,2.787472,1.6431677,1.3190906,1.3019217,1.1979148,1.4899665,2.3086793,3.6925602,5.4667177,2.4176435,1.4,1.4282857,1.423025,1.8973665,REST
2.460691,2.523886,2.5189283,1.534601,1.3038405,1.3152946,1.2020816,1.5033296,2.110687,2.9857998,4.578209,2.2748628,1.423025,1.371131,1.4525839,2.0457273,REST
2.4372115,2.329163,2.1201415,1.5459626,1.2786711,1.3038405,1.1895378,1.5280707,1.942936,2.3947861,3.940812,2.1154196,1.3619839,1.3638182,1.4439529,1.9416487,REST
2.3874671,2.0940392,2.0457273,1.5083103,1.2589679,1.2845232,1.195826,1.5264337,1.8207141,2.0760539,3.4080787,1.9672315,1.371131,1.3856406,1.4017845,1.9364917,REST
2.2923787,1.8788294,1.9735755,1.5083103,1.286468,1.2569805,1.2083046,1.4747881,1.8560711,1.8881208,3.5099857,2.0651877,1.3874437,1.372953,1.4525839,1.9313208,REST
3.7107952,2.3,1.9104973,1.5795568,1.2688577,1.2629331,1.24499,2.902585,1.8234583,1.9467922,3.6283605,1.9735755,1.36565,1.3838352,1.4387494,1.8152136,REST
4.3040676,2.5387006,2.0676074,1.6093477,1.3435029,1.2589679,1.336039,3.5284557,1.8574176,2.0856652,3.740321,2.066398,1.4017845,1.36565,1.4747881,1.8973665,REST
5.5443664,2.6907248,2.2989128,1.6852299,1.3619839,1.3057564,1.4317821,4.4525275,1.8986838,2.3558438,4.396021,2.1540658,1.4265343,1.3509257,1.5231546,2.1177819,REST
6.7078314,2.882707,2.4919872,1.7262677,1.4265343,1.4124447,1.4017845,5.120547,1.8627936,2.442335,4.177918,2.066398,1.423025,1.3453624,1.5427248,2.411431,REST
7.3341665,2.8310776,2.529822,1.8316659,1.4781746,1.419507,1.5016658,5.5865912,1.7846568,2.5592968,4.29651,2.148255,1.3928388,1.3747727,1.6046807,2.53673,REST
7.9177017,2.9538112,2.634388,1.8721646,1.4662879,1.4577379,1.496663,6.1224995,1.7233688,2.5592968,4.2420516,2.1470912,1.4247807,1.352775,1.6416456,2.502998,REST
7.8176084,3.0191057,2.6514149,1.9235384,1.4899665,1.4983324,1.5264337,6.7048492,1.6462078,2.347339,3.611094,2.1095023,1.4159802,1.3619839,1.6552945,2.4889758,REST
8.298493,3.281006,3.0133038,1.9811612,1.5297059,1.5411035,1.6852299,8.091662,1.67332,3.993119,5.7987065,2.2505555,1.421267,1.4577379,2.2371857,2.97069,REST
7.704869,3.3704598,3.504283,1.9157244,1.5132746,1.4849242,1.6155494,7.770135,1.9761072,4.605974,6.1668468,2.2704625,1.4577379,1.473092,2.2293496,2.9410882,REST
7.6462407,3.265731,3.491418,1.9052559,1.5572411,1.4508618,1.6552945,7.523297,2.0676074,4.796353,6.2453985,2.2449944,1.4422204,1.5182227,2.1748564,3.083829,REST
7.9690027,3.241913,3.368234,1.8654758,1.56205,1.37659,1.6201851,6.989993,2.2825425,4.8010416,6.258195,2.2124646,1.4370108,1.5066519,2.1377559,3.0099835,REST
7.072482,3.1144822,3.0773365,1.8275666,1.4866068,1.2308533,1.6124516,6.1534543,2.3874671,3.5580893,4.220782,2.0627651,1.4798648,1.4849242,1.5588458,2.4155746,REST
7.028869,2.9991665,2.656125,1.8574176,1.5033296,1.2469964,1.668832,6.511144,2.4392622,2.6172504,3.472031,2.0037465,1.4679918,1.4747881,1.5874507,2.6095977,REST
6.8509126,3.0099835,2.6504717,1.8774984,1.473092,1.286468,1.6673332,6.749074,2.4768932,2.1177819,3.1104662,1.9987496,1.4747881,1.4679918,1.6822604,2.4361856,REST
6.2136946,2.9197602,2.7811868,1.9287301,1.5132746,1.317194,1.7175565,6.981404,2.2726636,1.9824228,2.7156951,1.9506409,1.4747881,1.4491377,1.7492856,2.4402869,REST
6.5176682,2.7559028,2.6990738,1.9131126,1.5652477,1.3546218,1.6537836,6.686928,2.3590252,1.8681542,2.5377154,1.8854707,1.4124447,1.3546218,1.6673332,2.3653753,REST
6.395311,2.646696,2.4839485,1.805547,1.5411035,1.3472193,1.668832,6.6151342,2.4372115,1.7748239,2.3790755,1.861451,1.3802173,1.2845232,1.6446884,2.0112185,REST
7.1470275,2.5632012,2.3874671,1.8479718,1.5937377,1.3546218,1.6985288,6.948741,2.4677925,1.67332,2.2572107,1.7392527,1.3322912,1.3038405,1.6109004,2.0322402,REST
7.703895,2.6019223,2.2226112,1.6955825,1.5890249,1.3453624,1.6552945,7.163798,2.5797286,1.6446884,2.1095023,1.7058722,1.328533,1.3114877,1.5984367,2.0868638,REST
7.453187,2.5455844,2.2237356,1.6370705,1.6170962,1.2961481,1.6911534,7.089076,2.427962,1.6232682,2.2472205,1.7306068,1.3076696,1.3209845,1.7029387,2.123676,REST
8.192069,2.4677925,2.2616365,1.6881943,1.6155494,1.3341664,1.6941074,7.0281577,2.1863213,1.6552945,2.2449944,1.7117243,1.3114877,1.3892444,1.7146429,2.317326,REST
7.488324,2.4799194,2.3759208,1.6926311,1.5779734,1.3114877,1.7088008,7.0153403,2.0688162,1.6926311,2.3515952,1.7874563,1.328533,1.419507,1.7790446,2.463737,REST
7.5604234,2.5758495,2.4799194,1.8801596,1.6777962,1.2980754,1.7161002,7.0476947,2.225983,1.7029387,2.4849548,1.9091883,1.3304135,1.4491377,1.8774984,2.634388,REST
7.7485485,2.6381812,2.5079873,1.9723083,1.6446884,1.3747727,1.7014699,7.0834312,2.329163,1.7349352,2.3032584,1.8681542,1.37659,1.4474115,1.8289341,2.6353369,REST
7.5422144,2.6485846,2.5971138,1.9887182,1.6477257,1.3820275,1.7291616,7.816649,2.6523573,1.7535678,2.3043437,1.9442222,1.3802173,1.4456832,1.9039433,2.73313,REST
8.631918,2.663644,2.5475478,1.9442222,1.6492423,1.3928388,1.7320508,7.71978,2.8999999,1.7930421,2.1988633,1.9144189,1.339776,1.419507,1.8641351,2.7156951,REST
8.279493,3.1296964,3.5594943,2.0579116,1.6,1.4387494,1.7635192,7.9337883,3.0618622,3.2171416,6.7353544,2.1644862,1.3322912,1.4317821,1.7944359,2.5357444,REST
8.696263,3.1654384,3.7689521,2.1760056,1.6232682,1.3928388,1.8654758,8.013426,3.6871397,3.8600519,7.050532,2.2989128,1.3133925,1.4370108,1.8069311,2.5524497,REST
7.92843,6.459102,4.0945086,2.5573423,1.7564168,1.4370108,1.7930421,6.86877,4.167733,4.5238256,7.322568,2.38642,1.4035668,1.4508618,1.7535678,2.6485846,REST
5.9820566,7.484651,4.46934,2.8495615,1.7860571,1.3892444,1.6718254,5.8872743,4.311612,5.0353746,7.4464755,2.4728525,1.5264337,1.4832398,1.7291616,2.539685,REST
5.772348,7.3742795,3.765634,2.7964263,1.704406,1.356466,1.67332,5.0975485,4.3370495,4.3220367,3.7881393,2.2349496,1.596872,1.4508618,1.8452642,2.7267196,REST
4.7370877,7.391887,3.5461247,2.616295,1.6324828,1.3509257,1.5033296,4.380639,3.8137908,3.7549968,3.1654384,2.123676,1.5827192,1.4866068,2.4289916,2.7267196,REST
5.10049,4.861584,3.0149627,2.2147236,1.459452,1.2845232,1.5132746,4.6968074,3.0528674,2.9206164,2.3759208,1.8947295,1.5165751,1.430035,2.391652,2.463737,REST
5.7306194,2.997499,2.3227139,1.8316659,1.4142135,1.2688577,1.5937377,5.6890244,2.7,1.8681542,1.8330302,1.7972201,1.4177446,1.3638182,2.408319,2.4515302,REST
5.6196084,2.7239678,2.0976176,1.6186414,1.4159802,1.260952,1.5732132,5.4886246,2.710166,1.7233688,1.7649362,1.7161002,1.2903488,1.3693064,2.281447,2.1342444,REST
5.0447993,2.4515302,1.9352002,1.6583124,1.4370108,1.2227019,1.5937377,5.6942954,2.7549956,1.6462078,1.7233688,1.6492423,1.3019217,1.3304135,1.6248077,2.03347,REST
5.115174,2.252776,2.02608,1.6718254,1.4747881,1.195826,1.5684388,5.879626,2.770379,1.5313393,1.5827192,1.6446884,1.2629331,1.3379087,1.6522712,1.9403608,REST
5.1337123,2.3334525,2.110687,1.5827192,1.4560219,1.1811012,1.5984367,5.6762667,2.78478,1.5264337,1.6031219,1.5874507,1.294218,1.339776,1.5890249,1.9157244,REST
5.17059,2.3205602,2.144761,1.6522712,1.4611639,1.1916375,1.5732132,5.960285,2.3632605,1.5182227,1.6109004,1.555635,1.328533,1.339776,1.6462078,1.9222382,REST
5.617829,2.4939928,2.184033,1.6881943,1.4474115,1.2227019,1.5652477,5.8309517,2.2045407,1.566844,1.6598192,1.5827192,1.3838352,1.3638182,1.6583124,1.9595917,REST
5.373081,4.1097445,2.7838821,2.2627416,1.767767,1.5842979,1.5905974,5.138093,4.648118,2.4228082,2.5865035,1.9987496,1.5313393,1.3856406,1.6093477,2.5019991,REST
4.7201695,4.107311,2.6953664,2.236068,1.7464249,1.6492423,1.4882876,4.2889395,5.044304,2.4566236,2.6143832,1.979899,1.4849242,1.3838352,1.596872,2.4809272,REST
3.843176,4.007493,2.6000001,2.1633308,1.7291616,1.6309507,1.405347,2.9774148,5.027922,2.4545875,2.6000001,1.977372,1.471394,1.371131,1.4696939,2.4748738,REST
2.836371,3.8910153,2.4859605,2.078461,1.7102631,1.6385969,1.3076696,1.5165751,5.0517325,2.4197106,2.5622256,1.9235384,1.421267,1.3638182,1.4159802,2.3979158,REST
2.1095023,2.0322402,1.555635,1.3247641,1.3133925,1.2903488,1.2083046,1.4071248,2.8337255,1.56205,1.6077936,1.4422204,1.2884098,1.294218,1.352775,1.7691807,REST
1.9786359,1.7691807,1.4,1.2308533,1.2747549,1.2206556,1.2429802,1.4177446,1.9710404,1.459452,1.5033296,1.3928388,1.2884098,1.3038405,1.3416407,1.7320508,REST
1.9710404,1.7161002,1.336039,1.2328827,1.2922847,1.2041595,1.2267845,1.3802173,2.143595,1.5198684,1.4949917,1.3509257,1.3152946,1.3266499,1.3228756,1.6263456,REST
2.0396078,1.7117243,1.36565,1.2288206,1.260952,1.1937336,1.2589679,1.3601471,1.9672315,1.5572411,1.4866068,1.36565,1.3228756,1.336039,1.2884098,1.5953057,REST
2.116601,1.6896745,1.3784049,1.2509996,1.2489996,1.155422,1.2569805,1.4071248,2.0297782,1.6201851,1.5182227,1.419507,1.3379087,1.328533,1.3416407,1.6552945,REST
2.008731,1.6926311,1.3784049,1.3076696,1.2308533,1.1401755,1.172604,1.3416407,2.1954498,1.6093477,1.5264337,1.4456832,1.3546218,1.317194,1.3379087,1.6201851,REST
2.1760056,1.7492856,1.4439529,1.2727922,1.2165525,1.1489125,1.2041595,1.3747727,2.0481699,1.5313393,1.4764823,1.4832398,1.3472193,1.2806249,1.4525839,1.6748134,REST
2.1517434,1.7219175,1.4071248,1.260952,1.2288206,1.1811012,1.2288206,1.3509257,2.0844662,1.4832398,1.4439529,1.4525839,1.371131,1.2489996,1.4866068,1.6748134,REST
2.159861,1.6985288,1.405347,1.260952,1.2489996,1.2489996,1.2267845,1.3190906,1.9949937,1.4247807,1.3892444,1.3802173,1.3546218,1.2708265,1.4177446,1.6248077,REST
2.1805964,1.6170962,1.3583078,1.2267845,1.3152946,1.2903488,1.2349089,1.3038405,1.6077936,1.4645818,1.3838352,1.3341664,1.339776,1.2549901,1.4177446,1.6431677,REST
2.1330729,1.6155494,1.339776,1.2429802,1.266886,1.3304135,1.2144958,1.3509257,1.5033296,1.4491377,1.421267,1.3379087,1.3416407,1.2688577,1.3435029,1.6093477,REST
3.2939339,1.9403608,1.5636495,1.2961481,1.2806249,1.3133925,1.2328827,2.1748564,1.4916433,1.4370108,1.4282857,1.3784049,1.2806249,1.2629331,1.2806249,1.6628289,REST
6.0386257,2.2792542,1.8801596,1.4142135,1.328533,1.336039,1.352775,3.720887,1.5636495,1.5572411,1.6093477,1.4815532,1.3322912,1.3190906,1.5779734,2.0161846,REST
7.7074637,2.6532998,2.1610184,1.5427248,1.3114877,1.3453624,1.5475787,4.90357,1.6777962,1.5636495,1.6792855,1.6109004,1.3583078,1.3601471,1.6324828,2.177154,REST
8.798295,2.8026774,2.2461078,1.6537836,1.371131,1.2884098,1.566844,5.6382623,1.7776389,1.6170962,1.7334936,1.6507574,1.3453624,1.3601471,1.7190113,2.448469,REST
8.914314,2.7739863,2.221486,1.6837459,1.4124447,1.3000001,1.5921683,6.035727,1.7720045,1.6911534,1.8096961,1.6462078,1.3928388,1.4282857,1.7635192,2.446426,REST
7.715893,2.5797286,2.019901,1.6431677,1.3747727,1.2708265,1.5329709,5.8898215,1.8894444,1.5984367,1.7421252,1.6031219,1.336039,1.37659,1.5763882,2.291288,REST
7.0196157,2.295648,1.926136,1.6703293,1.3583078,1.2247449,1.4071248,5.207687,1.882817,1.7088008,1.7972201,1.5763882,1.4017845,1.372953,2.0359273,2.2427661,REST
5.7052608,2.392697,2.0,1.7790446,1.3874437,1.3000001,1.43527,4.4260592,2.0408332,1.762101,1.8734994,1.5604486,1.4265343,1.3856406,2.059126,2.1283798,REST
5.1029406,2.5149553,1.9836835,1.7790446,1.3784049,1.2980754,1.3874437,4.176721,2.20794,1.7691807,1.8814888,1.6552945,1.4159802,1.3152946,2.0676074,2.3086793,REST
4.9824696,2.5777898,2.037155,1.7161002,1.3693064,1.3057564,1.3982131,4.1085277,2.2,1.762101,1.9131126,1.6658331,1.4439529,1.352775,2.0310097,2.2327113,REST
3.9591665,2.6095977,1.926136,1.6,1.3982131,1.3228756,1.3820275,4.679744,2.2135944,1.5921683,1.8934096,1.6093477,1.4387494,1.3076696,1.566844,2.2461078,REST
4.7222877,2.5845695,1.839837,1.4142135,1.352775,1.3095801,1.4124447,5.17349,2.1470912,1.4866068,1.8411953,1.5795568,1.4491377,1.3304135,1.5459626,2.310844,REST
4.960343,2.3569047,1.8275666,1.3693064,1.3472193,1.3057564,1.4899665,5.239275,2.0062404,1.5033296,1.7902514,1.4560219,1.4764823,1.3601471,1.5524175,2.2181072,REST
5.0700097,2.338803,1.8574176,1.459452,1.43527,1.2884098,1.496663,5.303772,1.9962465,1.5700318,1.7117243,1.4491377,1.473092,1.3379087,1.5795568,2.291288,REST
5.1565495,2.431049,1.9013153,1.4933184,1.405347,1.2980754,1.4949917,5.43829,1.9416487,1.6217275,1.6462078,1.4491377,1.4071248,1.36565,1.5937377,2.3065126,REST
4.931024,2.3119256,2.007486,1.5748016,1.4662879,1.3038405,1.5099669,6.1286216,1.8814888,1.6324828,1.6416456,1.5,1.3802173,1.336039,1.5198684,2.108317,REST
6.115554,2.4372115,1.9710404,1.6777962,1.4474115,1.3601471,1.4577379,6.4393325,1.9493588,1.6248077,1.6926311,1.5313393,1.3583078,1.3057564,1.555635,2.1505814,REST
7.3235917,4.2017856,1.9862024,1.7014699,1.4265343,1.3601471,1.459452,6.2956333,4.8749356,1.7161002,1.8479718,1.5684388,1.3784049,1.372953,2.3653753,3.0454884,REST
9.032165,5.789214,2.1154196,1.7635192,1.4916433,1.405347,1.524795,6.207254,8.327365,2.1354156,1.852026,1.5858752,1.4106736,1.3802173,2.791057,38.346188,REST
11.951987,12.180517,3.990614,2.0542638,1.6170962,1.5953057,3.6428013,7.218033,10.665599,5.6196084,3.9096036,1.9455076,1.5313393,2.5661254,3.5623026,39.272446,REST
14.7276945,14.013743,4.3965898,2.2226112,1.7449929,1.6431677,4.113393,7.9677477,11.901471,6.707086,4.443535,2.1587033,1.5716233,2.9111855,3.7389839,39.664783,REST
17.641003,14.619337,4.846648,2.4413111,1.9313208,1.7606816,4.349713,9.34318,12.575969,9.349064,5.295281,2.2880123,1.5475787,3.0512292,3.3977935,41.164608,REST
18.28729,14.957273,5.2683015,2.6315396,2.0037465,1.7846568,4.5787554,10.413213,12.437444,11.590082,5.927057,2.455606,1.5732132,3.1678069,3.1913948,15.564543,REST
16.998823,10.544904,4.0230584,2.4052026,1.9248376,1.5984367,3.275668,9.848604,10.775899,11.598491,4.9704123,2.2068076,1.4916433,2.3140874,2.302173,13.100573,REST
14.36802,7.9583287,3.6090164,2.221486,1.8439089,1.5099669,2.679552,9.252027,9.455421,11.082193,4.4760475,1.9874607,1.4577379,1.835756,2.0062404,11.839129,REST
10.213226,5.8137765,2.9223278,1.9078784,1.5842979,1.36565,2.2792542,7.7829943,7.2845726,8.96019,3.3526108,1.7790446,1.471394,1.566844,1.8384776,3.7094474,REST
7.515983,2.7239678,1.9710404,1.5443445,1.4017845,1.3000001,1.7204651,6.5149827,3.3391614,5.6276107,2.0248456,1.5049918,1.3874437,1.3076696,1.5779734,2.1142373,REST
6.82825,2.1737065,1.9455076,1.5182227,1.3304135,1.3019217,1.5362291,5.826234,2.2427661,2.1377559,1.6537836,1.4335271,1.3190906,1.3133925,1.6217275,1.8801596,REST
6.842149,4.6179,2.1897488,1.4983324,1.2961481,1.3209845,1.6881943,8.328866,2.4474475,1.9157244,2.3958297,1.4525839,1.2747549,1.336039,1.7058722,2.6410224,REST
7.092602,4.6861496,2.2638464,1.56205,1.352775,1.3802173,1.7478559,9.12661,2.455606,1.9621416,2.931723,1.4916433,1.2288206,1.336039,1.7233688,2.8169131,REST
6.958089,4.7127485,2.309762,1.6522712,1.4439529,1.3802173,1.7916473,8.95377,2.3979158,1.9937402,2.9504237,1.5329709,1.2708265,1.3266499,1.7734147,2.8222332,REST
6.223343,4.806766,4.093287,2.1863213,1.5231546,1.4387494,1.704406,8.6599655,2.3653753,2.7721832,5.760208,2.376973,1.3910427,1.36565,1.7029387,2.7,REST
5.6129313,2.908608,5.658622,3.3188853,1.7014699,1.5215124,1.5779734,5.502272,2.0062404,2.908608,6.5349064,3.035622,1.5280707,1.4577379,1.6583124,2.2113345,REST
4.0267854,2.8774989,5.7004385,3.3600595,1.7233688,1.524795,1.5313393,3.4655447,2.1691012,2.8774989,6.3647466,3.0659418,1.6355428,1.4628739,1.6492423,2.4289916,REST
3.3037858,2.839014,5.6824293,3.324906,1.6718254,1.5198684,1.4764823,2.4361856,2.3759208,2.9248931,6.392574,3.0675724,1.6416456,1.4798648,1.6340135,2.6944387,REST
3.3800888,2.8,4.5847573,2.9732137,1.5588458,1.4662879,1.4747881,2.4939928,2.453569,2.2181072,4.0267854,2.455606,1.5652477,1.4439529,1.6673332,2.892231,REST
3.8781438,2.3558438,2.215852,1.6248077,1.430035,1.3638182,1.43527,3.7289407,2.291288,1.8220867,1.9352002,1.6,1.4439529,1.4,1.6046807,2.7613401,REST
4.1886754,2.3119256,2.04939,1.4849242,1.3416407,1.3038405,1.5132746,4.551923,2.02608,1.7606816,1.8814888,1.5116217,1.3619839,1.37659,1.566844,2.3622024,REST
5.2735186,2.4979992,2.171405,1.5394804,1.4035668,1.372953,1.6124516,5.160426,1.8641351,1.67332,1.7902514,1.5165751,1.3910427,1.423025,1.5297059,2.078461,REST
5.5785303,2.4372115,2.1260293,1.4949917,1.405347,1.4142135,1.6777962,5.7900777,1.7832555,1.6385969,1.8179659,1.555635,1.3820275,1.430035,1.5475787,1.9287301,REST
5.477682,2.4093568,2.019901,1.4696939,1.3095801,1.4035668,1.704406,5.827092,1.7406895,1.6416456,1.8574176,1.496663,1.372953,1.3820275,1.5459626,1.8547237,REST
5.191339,3.1646485,2.2045407,1.8207141,1.5684388,1.5937377,1.5684388,5.239752,2.4728525,2.1201415,1.811077,1.6109004,1.4628739,1.3892444,1.5795568,2.310844,REST
4.025543,4.3548822,2.442335,2.2748628,1.6492423,1.6522712,1.5198684,4.4620624,2.862691,2.4768932,1.8479718,1.8083141,1.4882876,1.371131,1.5604486,2.3843238,REST
3.2218008,4.433396,2.4596748,2.3622024,1.7306068,1.6598192,1.4508618,3.324906,3.243455,2.5894015,1.8668154,1.8303005,1.524795,1.3546218,1.4983324,2.4,REST
2.4779024,4.387482,2.4525497,2.34094,1.7535678,1.6643317,1.3583078,1.5313393,3.3241541,2.602883,1.8316659,1.839837,1.5427248,1.3892444,1.4577379,2.4289916,REST
2.1424286,3.8425252,2.215852,2.034699,1.5475787,1.4491377,1.3583078,1.3982131,2.8354893,2.21698,1.7748239,1.7916473,1.4317821,1.339776,1.4159802,2.0396078,REST
2.1505814,2.1354156,1.7564168,1.4387494,1.4106736,1.3000001,1.3000001,1.5066519,2.515949,1.7986106,1.7578396,1.5748016,1.356466,1.3133925,1.3910427,1.9506409,REST
2.1691012,1.8330302,1.6552945,1.2884098,1.3247641,1.2629331,1.3228756,1.5905974,2.1272047,1.7,1.7421252,1.5411035,1.3601471,1.3601471,1.4,1.9078784,REST
2.337734,1.9039433,1.7190113,1.2589679,1.3266499,1.2409674,1.4247807,1.6852299,2.0627651,1.6643317,1.7392527,1.534601,1.3435029,1.3228756,1.3892444,1.8234583,REST
2.330236,1.9416487,1.7734147,1.3076696,1.3472193,1.2727922,1.430035,1.7014699,2.0248456,1.6537836,1.7175565,1.4577379,1.371131,1.3416407,1.405347,1.8560711,REST
2.4300206,1.9532025,1.7635192,1.3546218,1.3546218,1.2825755,1.4124447,1.668832,1.8973665,1.6401219,1.6340135,1.4404861,1.3674794,1.3820275,1.4645818,1.7902514,REST
3.407345,2.266054,1.7958285,1.454304,1.3910427,1.2549901,1.419507,3.443109,1.9326148,1.5231546,1.5937377,1.4439529,1.3674794,1.37659,1.4882876,1.8986838,REST
4.095119,2.3989582,1.8560711,1.5652477,1.4142135,1.260952,1.3453624,4.3640575,1.9735755,1.5394804,1.6,1.4491377,1.3747727,1.4628739,1.5016658,1.9924859,REST
5.0995097,2.4738634,1.8708287,1.5890249,1.4017845,1.2589679,1.371131,5.3502336,1.9987496,1.5427248,1.6278821,1.4317821,1.36565,1.4933184,1.4983324,1.9723083,REST
5.540758,2.5768197,1.8234583,1.5748016,1.3856406,1.2747549,1.371131,6.085228,2.1354156,1.5779734,1.6748134,1.534601,1.3820275,1.4747881,1.471394,2.0297782,REST
5.334323,2.527845,1.9364917,1.5524175,1.4832398,1.2806249,1.430035,5.948109,2.0211382,1.596872,1.7233688,1.555635,1.3490738,1.4456832,1.5099669,1.9467922,REST
5.278731,2.4300206,1.942936,1.4899665,1.4662879,1.3076696,1.5215124,6.157516,1.948076,1.6462078,1.6970563,1.5394804,1.3490738,1.4035668,1.5198684,1.8384776,REST
4.643275,2.463737,2.0396078,1.566844,1.4474115,1.2806249,1.5572411,5.9228373,1.9557607,1.6748134,1.6507574,1.6294171,1.3322912,1.423025,1.5313393,1.8152136,REST
4.7116876,2.5288336,2.152905,1.5588458,1.4577379,1.266886,1.6431677,6.0361414,1.9104973,1.7117243,1.6109004,1.5604486,1.3019217,1.4370108,1.5508063,1.7549928,REST
5.1584883,2.4248712,2.1505814,1.6109004,1.4177446,1.2247449,1.6278821,6.1224995,1.9811612,1.7262677,1.5572411,1.5795568,1.3304135,1.4265343,1.555635,1.7363756,REST
5.0778933,2.4949949,2.9991665,2.70555,1.6522712,1.6093477,1.6031219,5.7280016,2.0408332,1.6673332,1.5716233,1.5732132,1.356466,1.4,1.496663,1.781853,REST
5.1337123,2.73313,4.211294,3.9012818,2.1201415,2.1517434,1.6015618,5.503181,2.2022715,1.776232,1.8506756,2.2449944,3.2710855,1.5182227,1.4949917,1.8681542,REST
4.7169905,2.710166,4.3760715,4.058325,2.156386,3.5993054,2.9257479,6.190315,2.148255,1.7406895,1.9786359,2.3632605,3.5951357,2.9171906,2.0285463,2.1118712,REST
4.796353,2.7156951,4.3857727,4.09878,2.1260293,3.609709,2.8999999,6.0745373,2.0420578,1.805547,2.0297782,2.3366642,3.5944402,2.9240384,2.034699,2.1177819,REST
4.96538,2.6438608,3.8477266,3.4856849,1.948076,3.471311,2.9060283,6.26937,1.942936,1.7930421,2.008731,2.3653753,3.5839922,2.9393878,2.1035686,2.182888,REST
5.4566474,2.3685439,2.421776,2.0297782,1.4645818,3.1819806,2.9563491,6.636264,1.6985288,1.6867127,1.7930421,1.7320508,2.0024984,2.862691,2.124853,2.1644862,REST
7.0078526,2.5119712,2.1295538,1.7846568,1.3946326,1.371131,1.6911534,6.307535,1.6355428,1.7102631,1.7804494,1.6031219,1.4404861,1.4124447,1.6837459,2.0420578,REST
9.827513,2.7018514,2.2483327,1.8439089,1.4422204,1.4106736,1.7986106,7.2753005,1.7277153,1.7578396,1.8641351,1.5984367,1.4525839,1.3802173,1.7175565,2.4207437,REST
12.049896,2.9487286,2.302173,1.979899,1.5874507,1.3820275,1.8761663,7.905694,1.7406895,1.8774984,2.1342444,1.7349352,1.4849242,1.4317821,1.8681542,2.6953664,REST
12.5012,3.0991933,2.460691,2.0772579,1.6109004,1.3472193,1.9157244,8.326764,1.7649362,1.9532025,2.2034066,1.762101,1.4781746,1.459452,2.0285463,2.86007,REST
12.464951,3.135283,2.5079873,2.1295538,1.6792855,1.3266499,1.9078784,7.9937477,1.8096961,1.9987496,2.209072,1.7874563,1.4577379,1.4177446,2.0012496,2.9163334,REST
11.029506,3.4799426,2.5777898,2.1412613,1.7334936,1.3038405,2.0615528,8.19878,1.7972201,2.1412613,2.2538855,1.8179659,1.419507,1.4387494,2.1047566,2.86007,REST
9.099175,3.451811,2.5357444,2.03347,1.6077936,1.2589679,2.0024984,8.241663,1.852026,2.0322402,2.1035686,1.6837459,1.3693064,1.3583078,2.0420578,2.6916537,REST
9.837937,3.4263682,2.4474475,1.9849434,1.6385969,1.2786711,1.954482,8.065048,1.9455076,2.0615528,2.0579116,1.6109004,1.371131,1.4089003,1.9196354,2.6086395,REST
12.08739,3.4452865,2.3706539,1.9196354,1.6507574,1.339776,1.977372,8.218576,2.339872,1.9962465,1.9710404,1.5811388,1.294218,1.4177446,1.9862024,2.8098042,REST
11.527359,2.9376862,2.1817424,1.6867127,1.5313393,1.3379087,1.7902514,7.2197647,2.3430748,1.7320508,1.8547237,1.5763882,1.2747549,1.454304,1.9013153,2.7120104,REST
11.272533,3.0740852,2.8504386,1.7691807,1.5411035,1.4017845,1.7705932,6.6208005,2.34094,1.9583156,4.107311,1.8371173,1.3472193,1.4849242,1.8220867,2.6372335,REST
10.14421,2.9512708,2.9385371,1.8207141,1.5016658,1.4142135,1.7421252,6.2136946,2.1794496,1.8654758,4.60163,1.8343936,1.3379087,1.4089003,1.8138357,2.5268557,REST
6.5551505,2.7313,2.9555032,1.7776389,1.4832398,1.352775,1.6278821,6.054337,1.7435596,1.9196354,4.682414,1.8069311,1.3379087,1.396424,1.6703293,2.152905,REST
6.1045065,2.8222332,3.1008062,1.9403608,1.5779734,1.3341664,1.6583124,6.14451,1.7916473,2.0844662,4.6968074,1.8708287,1.356466,1.405347,1.6462078,1.9697716,REST
5.385629,3.1184933,3.2886167,2.9274561,1.9274335,1.5779734,1.6124516,5.334323,2.4145393,1.9326148,2.9487286,1.6837459,1.3856406,1.3747727,1.6062378,1.9209373,REST
4.4277534,3.0049958,3.1591136,2.9154758,1.9052559,1.6248077,1.5,4.551923,2.487971,1.8641351,2.066398,1.7117243,1.36565,1.4071248,1.4933184,1.954482,REST
7.024244,3.2442255,3.1408596,2.8896368,1.9467922,1.6309507,1.5215124,5.113707,2.4505103,1.8867962,1.8841443,1.7406895,1.3802173,1.4317821,1.7117243,2.3248656,REST
7.726254,3.2015622,2.862691,2.7694764,1.8533753,1.6673332,1.3820275,5.278731,2.376973,1.6568041,1.7204651,1.6416456,1.3802173,1.423025,1.6583124,2.3216374,REST
8.136338,2.4979992,1.8411953,1.596872,1.4662879,1.405347,1.356466,5.712705,1.6658331,1.5636495,1.5684388,1.5827192,1.3095801,1.4142135,1.7088008,2.3590252,REST
8.6440735,2.5504901,1.7916473,1.56205,1.4916433,1.3453624,1.5182227,6.7230945,1.6401219,1.6248077,1.5362291,1.5827192,1.3546218,1.430035,1.8601075,2.4402869,REST
6.4822836,2.382226,1.8452642,1.5811388,1.371131,1.352775,1.534601,6.1583276,1.6673332,1.5491934,1.4696939,1.5491934,1.3190906,1.4035668,1.7029387,2.1023796,REST
6.233779,2.3313086,1.9377823,1.6294171,1.3982131,1.3209845,1.5921683,6.09549,1.7029387,1.6093477,1.5329709,1.5297059,1.3416407,1.36565,1.7088008,2.178302,REST
6.430008,2.4166093,2.034699,1.5937377,1.3490738,1.3038405,1.6077936,6.2417946,1.7378147,1.6911534,1.6881943,1.5313393,1.3638182,1.3583078,1.6628289,2.1177819,REST
7.2356753,2.5913317,2.116601,1.5459626,1.3304135,1.3228756,1.5636495,5.9653163,1.7378147,1.7088008,1.7190113,1.5099669,1.339776,1.3619839,1.524795,2.0112185,REST
7.5309362,2.548529,2.1633308,1.6355428,1.3928388,1.2806249,1.5953057,6.234982,1.8248287,1.7406895,1.7958285,1.5132746,1.419507,1.3802173,1.5588458,2.123676,REST
7.513987,2.5797286,2.2472205,1.6941074,1.4035668,1.2767146,1.6431677,6.308724,1.7705932,1.7073371,1.8547237,1.5684388,1.37659,1.4124447,1.6643317,2.1908903,REST
7.640353,2.5149553,2.236068,1.7363756,1.4439529,1.2961481,1.6896745,6.244998,1.7146429,1.6507574,1.7277153,1.5763882,1.336039,1.471394,1.7349352,2.2572107,REST
6.781593,2.5922961,2.2561028,1.7248188,1.4456832,1.2786711,1.6355428,6.787857,1.6837459,1.6201851,1.6896745,1.5795568,1.3856406,1.4265343,1.835756,2.2483327,REST
6.8483577,2.5504901,2.1118712,1.6431677,1.419507,1.3266499,1.5921683,6.6659584,1.5313393,1.554027,1.6492423,1.6031219,1.3152946,1.4265343,1.8627936,2.2825425,REST
6.8051453,2.5514703,2.0892582,1.6062378,1.37659,1.3095801,1.4983324,6.4338946,1.4849242,1.6248077,1.6046807,1.5905974,1.3209845,1.3784049,1.7535678,2.1886067,REST
7.125658,2.5874698,1.9836835,1.5700318,1.3546218,1.2884098,1.454304,6.640783,1.5149257,1.6294171,1.6552945,1.5231546,1.352775,1.3190906,1.767767,2.1886067,REST
7.5868306,2.5913317,1.9924859,1.5827192,1.3802173,1.3874437,1.5264337,6.2721605,1.5264337,1.6278821,1.6763054,1.596872,1.3114877,1.3619839,1.6955825,2.310844,REST
7.221842,2.5758495,2.1095023,1.6155494,1.3856406,1.3910427,1.5795568,6.473021,1.5953057,1.6837459,1.6837459,1.5636495,1.3322912,1.3453624,1.6837459,2.2869194,REST
7.259821,2.6739485,2.0676074,1.5779734,1.4071248,1.423025,1.6186414,6.5616307,1.6062378,1.6324828,1.6763054,1.5524175,1.3472193,1.4159802,1.7378147,2.339872,REST
6.1745443,3.5220733,2.3653753,1.6822604,1.5652477,1.5443445,1.5684388,6.2189226,2.144761,1.951922,1.6985288,1.6170962,1.4439529,1.4508618,1.7014699,2.6981475,REST
5.1395526,3.3667493,2.3270152,1.7029387,1.5811388,1.4611639,1.5033296,5.630719,2.309762,1.926136,1.7406895,1.5842979,1.5921683,1.454304,1.7190113,2.7083206,REST
5.371685,3.482815,2.6897955,1.948076,1.6537836,1.4747881,1.6140013,5.2235045,2.3075962,1.9887182,1.8425525,1.7392527,1.596872,1.5329709,1.7190113,2.6990738,REST
5.9274783,3.347387,2.6730132,2.0049937,1.6552945,1.4265343,1.6598192,5.134686,2.3216374,1.9937402,1.7986106,1.7449929,1.6093477,1.5033296,1.7088008,2.7037013,REST
6.272958,2.5845695,2.595188,1.9786359,1.6278821,1.3379087,1.7392527,5.9063525,1.8083141,1.6941074,1.7916473,1.7233688,1.5264337,1.5198684,1.7421252,2.3130066,REST
7.218033,2.616295,2.6514149,1.9493588,1.5779734,1.3304135,1.776232,6.488066,1.6062378,1.7306068,1.7320508,1.7161002,1.3453624,1.473092,1.7219175,2.2505555,REST
7.8955684,2.5288336,2.295648,1.781853,1.5508063,1.3304135,1.6955825,6.9072423,1.5937377,1.6263456,1.6896745,1.596872,1.3190906,1.4474115,1.7535678,2.281447,REST
7.4726167,2.533772,2.352658,1.7073371,1.5604486,1.3601471,1.6628289,7.048404,1.6031219,1.6370705,1.6792855,1.6109004,1.3114877,1.421267,1.7635192,2.251666,REST
7.730459,2.4738634,2.2638464,1.6446884,1.430035,1.3247641,1.7592613,6.990708,1.6583124,1.6062378,1.6370705,1.5732132,1.2708265,1.421267,1.7635192,2.2770596,REST
7.2660165,2.4677925,2.238303,1.7930421,1.4747881,1.3820275,1.7888544,6.797794,1.7248188,1.5874507,1.668832,1.5795568,1.3076696,1.3838352,1.7564168,2.194311,REST
7.0675316,2.3515952,2.2349496,1.7958285,1.4439529,1.3076696,1.781853,6.9663477,1.6867127,1.5604486,1.6186414,1.5700318,1.3490738,1.3838352,1.7720045,2.1071308,REST
7.0402412,2.3259406,2.2901964,1.9104973,1.4916433,1.3000001,1.811077,7.170774,1.6852299,1.5588458,1.7204651,1.5508063,1.3583078,1.4177446,1.762101,2.019901,REST
6.9667068,2.3259406,2.3151674,1.951922,1.5264337,1.3322912,1.7219175,6.8487225,1.6462078,1.6446884,1.767767,1.6155494,1.3747727,1.4,1.7262677,1.9532025,REST
7.1501746,2.3,2.2338307,1.8261982,1.5033296,1.2629331,1.7549928,6.767939,1.5748016,1.6,1.7734147,1.5874507,1.3619839,1.4177446,1.7435596,1.9761072,REST
7.0675316,2.3569047,2.143595,1.812457,1.4764823,1.3000001,1.7073371,6.349803,1.5329709,1.5763882,1.7691807,1.6124516,1.372953,1.4508618,1.6777962,1.9287301,REST
7.6524506,2.486966,2.0808651,1.7131841,1.419507,1.3076696,1.6896745,6.0679483,1.4916433,1.5953057,1.7378147,1.5937377,1.3546218,1.4265343,1.6748134,1.9377823,REST
8.106171,2.3569047,1.9937402,1.6763054,1.4106736,1.2469964,1.7175565,5.8604608,1.5231546,1.5443445,1.6777962,1.5378556,1.3638182,1.4035668,1.6093477,2.0285463,REST
7.976528,2.392697,2.0273135,1.6718254,1.396424,1.2688577,1.6248077,6.1477637,1.4491377,1.5779734,1.6278821,1.5362291,1.37659,1.4177446,1.6124516,2.0844662,REST
7.106687,2.3086793,2.066398,1.5198684,1.3747727,1.2144958,1.6015618,5.8189344,1.4899665,1.7691807,2.4647515,1.6186414,1.421267,1.3601471,1.5811388,2.0651877,REST
5.6595054,2.0988092,2.0248456,1.6031219,1.4159802,1.2227019,1.4933184,4.918333,1.596872,1.7277153,2.6182055,1.7029387,1.4815532,1.336039,1.4866068,2.0964255,REST
3.9261942,2.092845,1.979899,1.5700318,1.4508618,1.1916375,1.3379087,4.352011,1.6217275,1.7014699,2.6767519,1.7073371,1.4849242,1.3784049,1.5198684,1.9962465,REST
2.7549956,2.013703,1.9091883,1.5362291,1.4611639,1.2041595,1.2708265,3.4380226,1.7549928,1.7058722,2.7046256,1.6955825,1.4933184,1.3674794,1.4849242,1.9899749,REST
2.5,1.9836835,1.8411953,1.5811388,1.4142135,1.2186058,1.2349089,3.0248966,1.7748239,1.4899665,1.9608672,1.5652477,1.4508618,1.3472193,1.4628739,1.9924859,REST
2.5573423,2.018663,1.7117243,1.4696939,1.3095801,1.172604,1.2349089,3.4124773,1.7449929,1.4764823,1.7378147,1.4560219,1.3784049,1.4282857,1.4849242,2.0297782,REST
2.894823,1.9735755,1.6867127,1.4662879,1.2389512,1.2103719,1.3038405,3.852921,1.7248188,1.4933184,1.6093477,1.4882876,1.3453624,1.3892444,1.4832398,2.118962,REST
2.812472,1.9557607,1.7190113,1.4611639,1.2124356,1.1874342,1.339776,3.786159,1.6718254,1.4764823,1.5921683,1.4866068,1.3982131,1.4491377,1.4474115,2.0892582,REST
2.997499,2.0161846,1.7720045,1.4815532,1.3416407,1.195826,1.3379087,3.9179077,1.7291616,1.5083103,1.5921683,1.5475787,1.3856406,1.4159802,1.4849242,2.152905,REST
2.9857998,2.0518284,1.8384776,1.56205,1.4317821,1.2328827,1.4017845,4.388622,1.7219175,1.5459626,1.6837459,1.5779734,1.4422204,1.3928388,1.5378556,2.0976176,REST
3.8555155,2.1863213,1.9104973,1.56205,1.4611639,1.2308533,1.3820275,5.0408335,1.7449929,1.4764823,1.7233688,1.5394804,1.4611639,1.4071248,1.566844,2.0904546,REST
4.4102154,2.2880123,1.9937402,1.6537836,1.5297059,1.24499,1.4798648,5.272096,1.7014699,1.5378556,1.7549928,1.5427248,1.421267,1.3928388,1.6278821,2.0554805,REST
4.646504,2.4566236,2.0432818,1.6852299,1.454304,1.2509996,1.5716233,5.5439157,1.7014699,1.5443445,1.776232,1.4456832,1.4335271,1.4089003,1.6446884,2.0940392,REST
5.4525223,2.6683328,2.1047566,1.6837459,1.421267,1.2308533,1.6217275,5.8025856,1.6748134,1.5716233,1.7262677,1.4474115,1.3946326,1.4089003,1.6385969,2.0432818,REST
5.453439,2.6551836,2.0892582,1.7421252,1.405347,1.2389512,1.7161002,5.495453,1.6492423,1.5827192,1.6970563,1.4439529,1.4177446,1.4474115,1.6217275,1.9621416,REST
5.2526183,2.6000001,2.0112185,1.6837459,1.3379087,1.2549901,1.6926311,5.477226,1.7378147,1.5475787,1.7131841,1.4662879,1.4124447,1.4017845,1.6446884,2.078461,REST
5.6400356,2.5268557,1.9685019,1.7248188,1.3820275,1.294218,1.6673332,5.3953686,1.7014699,1.5099669,1.7204651,1.5016658,1.3892444,1.4071248,1.6324828,2.0037465,REST
5.264029,2.347339,1.9287301,1.6568041,1.352775,1.294218,1.5953057,5.2081666,1.7029387,1.4933184,1.7349352,1.5636495,1.356466,1.339776,1.596872,2.0297782,REST
4.6652975,2.8818398,2.1095023,1.7564168,1.4491377,1.356466,1.5016658,4.832184,4.2272925,1.7073371,1.7720045,1.5905974,1.6201851,1.2825755,1.5811388,2.2394195,REST
4.3005815,2.7982137,2.144761,1.7691807,1.4916433,1.4916433,1.4017845,4.180909,4.198809,1.6911534,1.7521415,1.6507574,2.209072,1.352775,1.5524175,2.177154,REST
3.6857834,2.7549956,2.1071308,1.704406,1.4317821,1.4798648,1.4781746,4.1880784,4.186287,1.6970563,1.7306068,1.6867127,2.2045407,1.3228756,1.5066519,2.166795,REST
3.722902,2.6860752,2.1071308,1.7691807,1.430035,1.5099669,1.473092,3.660601,4.2,1.6807736,1.6370705,1.6263456,2.2102036,1.3856406,1.56205,2.280351,REST
4.2807713,2.156386,2.0820663,1.6583124,1.3747727,1.4491377,1.5313393,4.18569,1.6552945,1.555635,1.6955825,1.668832,2.014944,1.372953,1.5491934,2.0736442,REST
4.7376156,2.2572107,2.0579116,1.6385969,1.2845232,1.2509996,1.6643317,4.677606,1.7175565,1.5329709,1.7233688,1.6232682,1.3190906,1.2806249,1.5572411,2.066398,REST
5.6431375,2.337734,2.1095023,1.6970563,1.3546218,1.2884098,1.6852299,5.2235045,1.7804494,1.5572411,1.7663522,1.6046807,1.2903488,1.328533,1.6792855,2.230471,REST
6.6546974,2.5119712,2.293469,1.8894444,1.5313393,1.2489996,1.8193405,6.407808,1.7944359,1.5874507,1.8248287,1.6522712,1.3784049,1.3057564,1.6837459,2.1,REST
8.346257,2.6000001,2.2792542,1.9570385,1.5748016,1.2629331,1.8668154,7.1871414,1.9570385,1.6093477,1.8096961,1.6522712,1.419507,1.356466,1.7986106,2.4758837,REST
9.465728,2.8818398,2.3780243,1.9697716,1.5905974,1.2961481,1.9104973,7.8300705,1.9377823,1.704406,1.7944359,1.6613247,1.419507,1.421267,1.8384776,2.6239283,REST
10.539687,2.9681644,2.3759208,1.9634154,1.5652477,1.2469964,1.9532025,8.268616,1.9557607,1.762101,1.7306068,1.6658331,1.4696939,1.4282857,1.8069311,3.1016126,REST
11.172735,3.103224,2.6730132,1.9235384,1.4247807,1.2922847,1.9377823,8.0693865,2.5209126,2.1,2.7258027,1.7378147,1.459452,1.4456832,1.8027756,3.2511537,REST
10.131881,4.698404,4.4204073,2.008731,1.3190906,1.2884098,1.9170289,7.686352,3.611094,6.577994,6.3992186,2.8381333,1.524795,1.4696939,1.7535678,3.2062438,REST
9.437955,5.8416605,6.902898,2.251666,1.4577379,1.3341664,1.835756,7.1435285,4.8093657,10.69743,9.824968,3.6187015,1.6186414,1.471394,3.7188709,3.6034706,REST
7.9312673,6.119232,7.368853,2.3515952,1.5132746,1.3435029,1.7131841,6.5172844,5.0333886,13.577739,10.38051,3.7,1.6077936,1.459452,3.8268788,3.5270383,REST
6.34153,6.5635357,7.46927,2.285826,1.524795,1.2961481,1.6583124,5.894913,5.1565495,14.674467,10.863241,3.7296112,1.6031219,1.4247807,3.8360136,3.4307435,REST
6.3023806,6.019967,6.8844028,2.3280895,1.6,1.2922847,1.5858752,5.776677,4.8897853,14.191018,10.138047,3.1104662,1.5394804,1.3802173,3.80723,3.231099,REST
6.0831738,5.075431,4.4676614,2.059126,1.4662879,1.2429802,1.56205,5.8197937,4.2420516,13.178391,7.699675,2.2847319,1.4404861,1.352775,1.8814888,2.5758495,REST
5.7714815,4.836321,3.7623131,1.9455076,1.4017845,1.2206556,1.5443445,5.669215,4.2976737,10.877959,7.476296,2.2715633,1.4106736,1.3583078,1.6401219,1.9026297,REST
5.841233,4.2731724,3.3533566,1.8907671,1.3874437,1.2961481,1.4866068,5.5470715,4.2355638,9.455421,6.921344,2.1459265,1.3509257,1.3747727,1.566844,1.7190113,REST
5.413871,3.6428013,2.8513155,1.7233688,1.3304135,1.3095801,1.5016658,5.332448,4.063865,8.315648,6.8417835,2.037155,1.286468,1.3619839,1.5937377,1.6658331,REST
5.673623,3.454707,3.0805843,2.0,1.4247807,1.3247641,1.5874507,5.5861435,3.8632889,5.3263497,6.7575884,2.1540658,1.36565,1.396424,1.6324828,1.6881943,REST
6.118006,3.3384128,3.1583223,2.0772579,1.4422204,1.3379087,1.5684388,5.3809853,3.7629776,3.9912405,6.8022056,2.1365862,1.3838352,1.3638182,1.6077936,1.7406895,REST
5.906776,3.1136794,3.0610456,2.0566964,1.4142135,1.2767146,1.6248077,5.755432,3.512122,3.8360136,6.699627,2.2056744,1.3910427,1.3856406,1.6124516,1.8027756,REST
6.403905,2.97069,2.8653097,2.014944,1.3784049,1.2980754,1.6763054,5.764113,3.1843367,3.3992646,5.390269,2.143595,1.4035668,1.3910427,1.5953057,1.781853,REST
6.01789,2.7221315,2.431049,1.7635192,1.2747549,1.2727922,1.6155494,5.297169,2.9614186,3.1575308,4.4345236,1.9300259,1.3583078,1.352775,1.5779734,1.8165902,REST
5.745868,2.588436,2.1874642,1.596872,1.24499,1.264911,1.6703293,5.621388,2.9605744,3.103224,3.674915,1.933908,1.4106736,1.3435029,1.5572411,1.8654758,REST
5.6502213,2.7110884,2.2880123,1.6232682,1.2529964,1.3019217,1.7014699,5.7227616,3.1368775,3.186691,3.176476,1.9222382,1.4017845,1.3038405,1.5652477,1.8920888,REST
5.4483943,2.6457512,2.3227139,1.7014699,1.3379087,1.2845232,1.6446884,5.6564126,3.1575308,3.1376743,3.2365105,1.9672315,1.430035,1.3152946,1.5984367,1.8947295,REST
5.5700088,2.7120104,2.4392622,1.8027756,1.4089003,1.2688577,1.6109004,5.9245253,3.1953092,3.3015149,3.174114,1.9557607,1.43527,1.2903488,1.5443445,1.861451,REST
5.5181518,2.6916537,2.4698179,1.882817,1.4387494,1.2884098,1.5858752,5.59017,3.1344855,3.192961,2.9807718,1.8601075,1.3546218,1.2961481,1.5215124,1.7161002,REST
5.936329,2.5583198,2.4186773,1.8721646,1.4525839,1.2786711,1.5394804,5.633383,2.8896368,2.8151376,2.9849622,1.8601075,1.3820275,1.3304135,1.5763882,1.8493242,REST
5.558327,2.7340446,2.770379,2.2737634,1.5459626,1.3379087,1.4815532,5.2052855,2.8451715,3.0700164,3.391165,1.8439089,1.4071248,1.3019217,1.5313393,1.9608672,REST
4.9152822,2.5475478,2.721213,2.3075962,1.5459626,1.4142135,1.4422204,4.457017,2.53081,2.829311,3.7523327,1.8761663,1.4282857,1.3802173,1.5427248,1.9274335,REST
4.3433857,2.486966,2.7730849,2.2923787,1.4899665,1.430035,1.3490738,3.803288,2.1377559,2.6239283,3.6952672,1.9209373,1.4577379,1.4404861,1.5636495,2.019901,REST
3.1796227,2.522895,2.6823497,2.236068,1.4764823,1.4439529,1.2349089,2.4566236,1.8694919,2.527845,3.4161382,1.8761663,1.4474115,1.4560219,1.4508618,2.0273135,REST
3.3823068,2.3420076,2.3738155,1.7478559,1.3209845,1.356466,1.3379087,3.7409892,1.6355428,1.9326148,2.6925824,1.8152136,1.4247807,1.4747881,1.554027,2.007486,REST
4.937104,2.6182055,2.446426,1.7161002,1.3583078,1.2708265,1.405347,5.284411,1.767767,1.7449929,1.8452642,1.7291616,1.396424,1.4815532,1.5921683,2.171405,REST
6.2813215,2.7568097,2.366432,1.7663522,1.4916433,1.3000001,1.6062378,6.5795135,1.7930421,1.6837459,1.6777962,1.6613247,1.3892444,1.471394,1.6263456,2.1587033,REST
6.9974995,2.7613401,2.446426,1.8854707,1.5795568,1.286468,1.8261982,7.5335917,1.7464249,1.835756,1.8384776,1.6170962,1.4,1.473092,1.7860571,2.0964255,REST
7.389181,2.7340446,2.2438805,1.858763,1.5953057,1.3038405,1.8894444,7.4565406,1.7478559,1.762101,1.835756,1.6537836,1.3928388,1.454304,1.7449929,2.238303,REST
7.3647814,2.6019223,2.1540658,1.8275666,1.596872,1.3802173,1.9352002,7.364442,1.6792855,1.7860571,1.8841443,1.6492423,1.3583078,1.3946326,1.776232,2.2327113,REST
6.9372187,2.5894015,2.182888,1.7734147,1.5149257,1.336039,1.8894444,7.3525505,1.6896745,1.8179659,1.9274335,1.6896745,1.371131,1.371131,1.781853,2.2989128,REST
6.708949,2.5680733,2.1177819,1.6777962,1.43527,1.2980754,1.8013883,7.0416617,1.7058722,1.6763054,1.7578396,1.6537836,1.3583078,1.3946326,1.7102631,2.3906066,REST
6.688049,2.611513,2.2394195,1.7131841,1.4439529,1.336039,1.7363756,6.9350557,1.6792855,1.7320508,1.7592613,1.6232682,1.3619839,1.4387494,1.7233688,2.329163,REST
6.3788714,2.6191602,2.1494186,1.6763054,1.3747727,1.260952,1.6748134,6.609463,1.6763054,1.6537836,1.6852299,1.5827192,1.3928388,1.43527,1.6613247,2.2,REST
6.541024,2.4758837,2.0322402,1.6217275,1.3509257,1.2041595,1.6248077,5.9808025,1.6031219,1.6232682,1.6294171,1.4983324,1.3693064,1.4645818,1.6015618,2.0820663,REST
6.5149827,2.6095977,2.059126,1.6492423,1.3546218,1.2727922,1.6046807,5.696051,1.6015618,1.6416456,1.6807736,1.5427248,1.371131,1.3820275,1.6062378,1.9287301,REST
6.3142695,2.5039968,1.9987496,1.6278821,1.3546218,1.2369317,1.6062378,5.6899033,1.6232682,1.6309507,1.6881943,1.5508063,1.3638182,1.3747727,1.5763882,1.835756,REST
6.5184355,2.4677925,2.0310097,1.566844,1.3152946,1.2369317,1.6568041,5.4740295,1.6263456,1.6077936,1.7161002,1.6031219,1.3453624,1.4159802,1.5984367,1.8641351,REST
6.2956333,2.541653,2.0904546,1.5763882,1.3341664,1.2786711,1.6763054,5.746303,1.6970563,1.6093477,1.7334936,1.6263456,1.372953,1.356466,1.6911534,1.9,REST
5.895337,3.0199337,2.5855367,1.9811612,1.4508618,1.4525839,1.6552945,5.310367,1.8654758,1.9646883,3.0959651,1.8734994,1.37659,1.4983324,1.6703293,2.1307275,REST
5.768882,3.176476,3.942715,2.7748873,1.6446884,1.9849434,2.70555,5.284411,1.8854707,2.2,3.7013512,2.1071308,1.4815532,4.1545157,1.7014699,2.2349496,REST
5.7879186,3.159905,4.194639,3.0438464,1.7846568,2.2203603,2.758623,5.4712887,1.9287301,2.2945588,3.8723378,2.1389248,1.5378556,4.8867164,1.8734994,2.4718413,REST
6.5654397,3.231099,4.246175,3.1416557,1.8261982,2.2461078,2.73313,5.809475,2.0012496,2.337734,3.9648457,2.2461078,1.5411035,4.896427,1.8411953,2.616295,REST
7.2663608,2.7138534,4.0199504,2.9436371,1.8096961,2.1354156,2.7604346,6.3847475,1.8627936,2.059126,3.0372686,2.0892582,1.5182227,4.8682647,1.8748333,2.446426,REST
7.585183,2.5592968,2.7358727,2.2671568,1.6355428,1.668832,1.7986106,6.8636727,1.8013883,1.8013883,2.2427661,1.8627936,1.421267,2.942788,1.8533753,2.3075962,REST
7.490327,2.5670996,2.317326,1.9209373,1.4866068,1.352775,1.704406,7.1189885,1.7748239,1.7406895,1.8960485,1.7790446,1.3892444,1.4474115,1.7146429,2.1400933,REST
6.95018,2.5971138,2.3547823,1.8096961,1.5394804,1.3619839,1.8207141,6.9350557,1.67332,1.7860571,1.7972201,1.6507574,1.3928388,1.4491377,1.6748134,1.9974984,REST
7.5169806,2.5932605,2.4020824,1.8506756,1.430035,1.352775,1.7986106,6.961322,1.6170962,1.762101,1.9493588,1.596872,1.3747727,1.4866068,1.7435596,2.0518284,REST
7.3338256,2.6153393,2.4155746,1.7972201,1.4035668,1.3114877,1.7363756,6.5444636,1.6628289,1.7663522,2.1319005,1.5684388,1.4,1.5198684,1.6852299,2.1295538,REST
7.717189,2.7495453,2.4413111,1.7720045,1.4798648,1.3416407,1.7392527,6.125357,1.6015618,1.7262677,2.2181072,1.5921683,1.3928388,1.4611639,1.6155494,2.0273135,REST
7.469605,2.6391287,2.3345234,1.762101,1.421267,1.3038405,1.5921683,5.6524334,1.6294171,1.6628289,2.260531,1.6748134,1.423025,1.4422204,1.6537836,2.0772579,REST
7.1059833,2.5922961,2.3151674,1.7291616,1.4577379,1.2629331,1.6062378,5.422177,1.6658331,1.6985288,2.3323808,1.7014699,1.4422204,1.4071248,1.5149257,2.0432818,REST
7.2183795,2.7018514,2.2416513,1.7320508,1.4798648,1.294218,1.7363756,5.8249464,1.6446884,1.6955825,2.215852,1.7102631,1.4335271,1.3619839,1.6186414,2.0566964,REST
7.061869,2.6990738,2.285826,1.7874563,1.4933184,1.2727922,1.7378147,6.4331174,1.6109004,1.7363756,2.238303,1.7549928,1.4265343,1.3910427,1.6673332,2.0676074,REST
7.368853,2.7294688,2.2405357,1.767767,1.4882876,1.2688577,1.776232,6.535289,1.6077936,1.6985288,2.2248595,1.6658331,1.4265343,1.4177446,1.7088008,2.0322402,REST
6.842514,2.7,2.1142373,1.7277153,1.5083103,1.2903488,1.7262677,6.3170404,1.6015618,1.6792855,1.9937402,1.6446884,1.4611639,1.3820275,1.6867127,1.9949937,REST
7.2477584,2.657066,2.1587033,1.6628289,1.524795,1.3076696,1.6124516,6.4245625,1.6124516,1.6263456,1.8894444,1.6109004,1.4662879,1.4035668,1.6955825,1.954482,REST
7.085549,2.4829419,2.0615528,1.6324828,1.4317821,1.3076696,1.5524175,5.792668,1.6628289,1.5890249,1.8027756,1.5842979,1.4560219,1.3838352,1.6431677,2.018663,REST
6.915562,2.7568097,2.078461,1.6370705,1.4335271,1.3304135,1.5116217,5.892792,1.9949937,6.8531017,1.942936,1.6613247,1.459452,1.4071248,1.7334936,1.9924859,REST
7.674308,4.016217,2.156386,1.6248077,1.4335271,1.371131,1.5313393,6.448643,3.3007576,7.4343796,2.1540658,1.7832555,1.4933184,1.5033296,9.046823,3.2132537,REST
7.2093687,4.5188494,2.143595,1.6763054,1.4317821,1.3674794,1.4882876,5.8043084,4.896938,7.6118326,2.3748684,1.8734994,1.4662879,1.4662879,9.030781,3.1551545,REST
7.1175838,4.666369,2.2693613,1.7175565,1.5099669,1.3946326,1.5890249,6.445541,5.3394756,7.753064,2.4454038,1.882817,1.4899665,1.4832398,9.070281,3.1480153,REST
7.098239,4.6189823,2.285826,1.7058722,1.4781746,1.4124447,1.6232682,6.0406957,5.607138,4.290105,2.4494898,1.9467922,1.4456832,1.4456832,9.02995,3.1136794,REST
6.051033,3.6986485,2.1047566,1.6263456,1.4159802,1.3619839,1.5921683,5.427246,5.4235597,3.4525354,2.3075962,1.7958285,1.4071248,1.3747727,1.6340135,1.852026,REST
6.264583,3.170962,2.1494186,1.7435596,1.4017845,1.3674794,1.6170962,5.556078,4.6113987,3.33991,2.3547823,1.7606816,1.3892444,1.3747727,1.668832,1.9300259,REST
6.7412906,3.1296964,2.0223749,1.7720045,1.317194,1.328533,1.5491934,5.0517325,4.3908997,3.1811948,2.2989128,1.7888544,1.3638182,1.3472193,1.5049918,1.9039433,REST
6.835203,3.0781488,2.0964255,1.7564168,1.3379087,1.266886,1.5,5.48908,4.4328322,2.9841247,2.0676074,1.6462078,1.371131,1.3874437,1.5748016,1.9,REST
7.501333,3.1488092,2.2338307,1.7902514,1.4560219,1.2509996,1.471394,5.6360445,4.33359,3.0116441,1.9899749,1.6852299,1.36565,1.3693064,1.6309507,1.9196354,REST
7.652124,3.4014702,2.2022715,1.6955825,1.4508618,1.1895378,1.4577379,5.6515484,4.215448,3.0813959,1.8165902,1.6232682,1.396424,1.3747727,1.6124516,1.8854707,REST
7.4437895,3.3941126,2.1505814,1.5524175,1.4456832,1.260952,1.4645818,5.5213223,4.248529,3.1898277,1.8774984,1.6062378,1.4089003,1.4,1.6046807,1.8096961,REST
7.463913,3.435113,2.0940392,1.6186414,1.430035,1.2708265,1.5572411,5.818505,4.1303754,3.259601,1.942936,1.6355428,1.4089003,1.4142135,1.6294171,1.9403608,REST
7.556454,3.442383,2.0676074,1.6822604,1.4,1.3114877,1.6109004,5.88685,4.2883563,3.2992423,1.9824228,1.6537836,1.4035668,1.421267,1.6217275,1.8986838,REST
7.520971,3.207803,2.0603397,1.6748134,1.3820275,1.3133925,1.6232682,5.9186144,4.4598207,3.268792,1.8934096,1.6837459,1.3892444,1.4404861,1.6598192,1.9811612,REST
7.4752927,3.2946925,2.108317,1.7406895,1.4265343,1.2549901,1.5524175,5.6453524,4.6909485,3.3734255,1.8234583,1.6385969,1.4282857,1.459452,1.6552945,2.123676,REST
7.766273,3.2163644,2.20794,1.8,1.4035668,1.3228756,1.5394804,5.4740295,4.9137564,3.6200829,1.8668154,1.6385969,1.4916433,1.4071248,1.6673332,2.1633308,REST
7.521968,3.0846393,2.2248595,1.7832555,1.4159802,1.2903488,1.56205,5.5443664,4.75342,3.5249114,1.9,1.6093477,1.4933184,1.4124447,1.6822604,2.2192342,REST
7.313686,3.1088583,2.2203603,1.7649362,1.4611639,1.3057564,1.5491934,5.7749457,4.3422346,3.4467375,1.9442222,1.6718254,1.454304,1.4577379,1.6628289,2.2248595,REST
6.665583,2.9924905,2.260531,1.7535678,1.4491377,1.5149257,1.6355428,5.8459387,4.313931,3.5064228,1.9196354,1.6970563,1.4035668,1.9583156,1.7435596,2.1633308,REST
6.112692,2.894823,2.1459265,1.6201851,1.4899665,1.858763,1.6201851,5.896185,3.595831,2.967322,1.8411953,1.7088008,1.3416407,2.0796633,1.7248188,2.0844662,REST
6.408198,2.9094672,2.1142373,1.6077936,1.4949917,1.8641351,1.5827192,5.994164,3.0389142,2.6814175,1.7102631,1.7349352,1.3472193,2.1023796,1.6822604,2.1307275,REST
6.2601914,2.812472,2.0940392,1.6522712,1.4899665,1.8920888,1.5921683,5.681549,2.75318,2.4289916,1.6970563,1.7521415,1.37659,2.066398,1.7521415,2.1725562,REST
6.7889614,2.7820854,2.0724382,1.6867127,1.5700318,1.7748239,1.5732132,5.821082,1.7832555,1.7521415,1.7262677,1.7606816,1.4159802,1.5572411,1.6431677,2.225983,REST
6.5950737,2.75318,2.0506096,1.7334936,1.5652477,1.3601471,1.5795568,5.703946,1.8138357,1.8013883,1.7521415,1.6970563,1.3802173,1.4159802,1.6355428,2.2248595,REST
5.846794,2.6730132,2.0506096,1.7944359,1.5652477,1.3674794,1.6155494,5.6714196,1.7804494,1.858763,1.7916473,1.6552945,1.4124447,1.3747727,1.6583124,2.1805964,REST
5.7078896,2.6776855,2.0457273,1.7720045,1.5378556,1.356466,1.5779734,5.7118297,1.8275666,1.8854707,1.7649362,1.5874507,1.4491377,1.3747727,1.6462078,2.1377559,REST
5.631163,2.6730132,2.0615528,1.7435596,1.5198684,1.2469964,1.5811388,5.654202,1.7748239,1.8330302,1.7832555,1.5588458,1.4882876,1.4071248,1.6340135,2.1154196,REST
5.7589064,2.7468164,2.1023796,1.6748134,1.4866068,1.2349089,1.6294171,5.5848007,1.8138357,1.7958285,1.6867127,1.5748016,1.5842979,1.421267,1.6155494,2.1505814,REST
5.9118524,2.680485,2.1177819,1.5874507,1.4247807,1.2569805,1.7088008,5.7948256,1.8303005,1.7521415,1.7058722,1.6093477,1.5763882,1.4508618,1.7233688,2.192031,REST
5.897457,2.5874698,2.2135944,1.5182227,1.4317821,1.2103719,1.7421252,6.004165,1.7649362,1.6941074,1.6628289,1.5811388,1.5215124,1.4764823,1.7175565,2.1213202,REST
5.7536945,2.53081,2.2327113,1.566844,1.423025,1.3076696,1.7131841,6.1032777,1.7334936,1.7219175,1.6385969,1.5394804,1.4560219,1.43527,1.6911534,2.0432818,REST
5.9455867,2.339872,2.1330729,1.5748016,1.4335271,1.3228756,1.6462078,6.109419,1.6046807,1.6278821,1.6881943,1.554027,1.4317821,1.3601471,1.7449929,2.0285463,REST
5.658622,2.5258663,2.1656408,1.6170962,1.405347,1.2429802,1.4560219,5.626722,1.6109004,1.554027,1.6552945,1.5427248,1.4089003,1.3546218,1.6583124,1.9352002,REST
5.7030697,2.5903668,2.0808651,1.6416456,1.4508618,1.339776,1.496663,5.6956124,1.6109004,1.6015618,1.6401219,1.566844,1.4124447,1.317194,1.6248077,1.9761072,REST
5.5330825,2.4758837,2.0530465,1.6046807,1.405347,1.264911,1.4282857,5.6431375,1.7549928,1.6093477,1.5842979,1.5524175,1.4508618,1.3784049,1.6941074,2.044505,REST
5.3623686,2.4949949,2.0796633,1.6077936,1.4089003,1.2589679,1.3820275,5.319774,1.7916473,1.6628289,1.5182227,1.5779734,1.4089003,1.4035668,1.5937377,2.007486,REST
5.1048994,2.2671568,2.5553865,2.3184047,1.5083103,1.839837,1.4899665,5.17349,1.8193405,1.7102631,1.776232,1.6340135,1.4247807,1.6370705,1.5231546,1.9697716,REST
4.7222877,2.078461,2.6814175,2.4382372,1.4645818,1.8193405,1.4404861,4.306971,1.8493242,1.7349352,1.8248287,1.7175565,1.4474115,1.6492423,1.5049918,1.9493588,REST
4.458699,2.0904546,2.6925824,2.4809272,1.473092,1.835756,1.5953057,4.596738,1.7349352,1.7363756,1.882817,1.8681542,1.3693064,1.6324828,1.5231546,1.8668154,REST
4.049074,1.9836835,2.6748831,2.5079873,1.4696939,1.811077,1.596872,4.5022216,1.8466185,1.7478559,1.9634154,1.9364917,1.3453624,1.6462078,1.5443445,1.8207141,REST
4.2479405,1.9287301,2.0976176,1.7902514,1.372953,1.2767146,1.5636495,4.622229,1.8601075,1.7492856,1.7161002,1.9532025,1.356466,1.3910427,1.6,1.7958285,REST
4.6893497,1.942936,2.018663,1.7635192,1.4560219,1.2083046,1.6186414,5.0189643,1.8801596,1.6507574,1.7521415,1.8384776,1.336039,1.3820275,1.5459626,1.7320508,REST
4.676537,1.9962465,1.9824228,1.7492856,1.473092,1.2409674,1.5165751,4.708503,1.9118054,1.6109004,1.7860571,1.7790446,1.36565,1.3490738,1.4882876,1.7492856,REST
5.3786616,2.1517434,2.0639768,1.7986106,1.5921683,1.2903488,1.5984367,5.1975956,1.7986106,1.6232682,1.6926311,1.6792855,1.3747727,1.3509257,1.4628739,1.7958285,REST
5.9236813,5.263554,2.7027764,1.9824228,1.6140013,1.2389512,1.6777962,5.8540583,2.6182055,4.031129,1.7734147,1.6309507,1.339776,1.3802173,1.4849242,1.9274335,REST
5.9033885,6.7631354,2.8266587,1.9532025,1.6031219,1.3038405,1.704406,6.396874,2.6229753,4.1737275,1.7916473,1.7507142,1.356466,1.3619839,1.5716233,2.0161846,REST
6.321392,7.0210395,2.9197602,1.9326148,1.5858752,1.3546218,1.805547,7.08449,2.6191602,4.236154,1.7846568,1.9052559,1.372953,1.3674794,1.5953057,1.9761072,REST
6.0307546,7.0334916,2.9137604,1.9026297,1.5231546,1.3638182,1.7902514,7.135124,2.6504717,4.2195973,2.008731,1.9761072,1.4124447,1.3892444,1.5890249,1.9274335,REST
5.6617136,5.138093,2.3906066,1.8152136,1.5811388,1.3910427,1.7277153,6.6079497,1.8207141,2.0211382,2.0012496,1.9924859,1.430035,1.339776,1.5700318,1.8654758,REST
5.5461698,2.9774148,2.2945588,1.7846568,1.5049918,1.3982131,1.7029387,6.282913,1.8574176,1.7190113,1.9621416,1.9416487,1.3928388,1.3892444,1.5588458,1.8560711,REST
5.602678,2.4758837,2.1633308,1.7734147,1.5149257,1.3304135,1.6,5.764547,1.8867962,1.5937377,1.9078784,1.781853,1.396424,1.4017845,1.5588458,1.9455076,REST
5.575841,2.4041631,2.171405,1.8248287,1.4983324,1.3490738,1.6248077,5.3740115,1.8384776,1.5858752,1.6613247,1.6837459,1.3152946,1.3304135,1.6416456,1.9987496,REST
5.6753855,2.448469,2.1177819,1.7392527,1.4577379,1.3546218,1.6613247,5.4171023,1.8152136,1.5921683,1.668832,1.596872,1.3209845,1.4035668,1.6140013,1.9811612,REST
5.3446236,2.719375,2.1130548,1.7860571,1.566844,1.4662879,1.5811388,4.993496,3.6558173,2.408319,1.6985288,1.5795568,1.4159802,1.3928388,1.5716233,2.008731,REST
4.534865,2.8757608,2.2649503,1.9026297,1.7248188,1.5231546,1.5524175,4.0435133,4.1904655,2.6972208,1.762101,1.5937377,1.5636495,1.430035,1.554027,1.9455076,REST
4.14367,2.9757352,2.236068,1.8248287,1.7392527,1.4781746,1.5427248,4.398295,4.2172265,2.719375,1.7972201,1.5636495,1.6,1.4882876,1.5099669,1.9013153,REST
3.7556624,2.9866369,2.3194828,1.8814888,1.7161002,1.5182227,1.4662879,4.229066,4.236744,2.740438,1.7464249,1.5874507,1.6109004,1.4662879,1.4983324,1.926136,REST
4.0963397,2.670206,2.20794,1.7846568,1.6109004,1.3784049,1.4949917,4.6173587,2.7595289,2.019901,1.7073371,1.5524175,1.5411035,1.4265343,1.524795,1.8560711,REST
4.431704,2.352658,2.0844662,1.6248077,1.4832398,1.3000001,1.6155494,5.382843,1.839837,1.5779734,1.6763054,1.4798648,1.3747727,1.421267,1.4933184,2.0554805,REST
4.6647615,2.330236,2.1817424,1.6431677,1.4577379,1.3266499,1.6248077,5.484524,1.8316659,1.5905974,1.7421252,1.5443445,1.356466,1.3784049,1.4832398,2.1154196,REST
5.5362444,2.408319,2.1517434,1.6186414,1.4899665,1.2884098,1.668832,6.1212745,1.8574176,1.5411035,1.7720045,1.5684388,1.3114877,1.3747727,1.5132746,2.162175,REST
5.5186048,2.4361856,2.152905,1.6477257,1.5264337,1.2688577,1.7349352,6.273755,1.9091883,1.6124516,1.7421252,1.6,1.3693064,1.4370108,1.5231546,2.1851773,REST
6.055989,2.4677925,2.192031,1.6703293,1.4866068,1.264911,1.7029387,6.410148,1.858763,1.6867127,1.7435596,1.6309507,1.3209845,1.419507,1.596872,2.0359273,REST
6.676451,2.4748738,2.108317,1.7349352,1.459452,1.2786711,1.6867127,6.5096083,1.9697716,1.6477257,1.7306068,1.6822604,1.3472193,1.4439529,1.6431677,1.9595917,REST
7.8908176,4.210107,2.116601,1.7029387,1.4525839,1.3322912,1.6763054,6.181828,3.8301437,1.8547237,1.6628289,1.6643317,1.3416407,1.4089003,1.6643317,2.3270152,REST
11.146524,6.1457305,2.2704625,1.7349352,1.4422204,1.4882876,4.2784343,7.396959,4.8373547,1.9570385,1.6703293,1.6431677,1.3784049,3.1527765,2.0892582,3.8852284,REST
14.050089,7.0306473,2.6514149,2.0420578,1.6031219,1.6370705,4.542026,8.730407,6.510376,2.2704625,1.8220867,1.6792855,1.4696939,3.9236462,2.770379,4.6200647,REST
16.565777,7.8364534,2.8887713,2.2135944,1.6985288,1.6718254,4.62277,9.488678,8.015922,2.5816662,1.9287301,1.6598192,1.5083103,4.030509,2.9656365,5.449771,REST
16.872019,7.187489,3.0545049,2.3355942,1.7088008,1.6852299,4.7010636,10.643543,7.819207,2.6143832,2.1,1.7663522,1.5475787,4.05586,3.0041637,5.5928526,REST
15.340469,5.670538,2.979933,2.2989128,1.6852299,1.5604486,2.5768197,10.043654,7.3013697,2.5894015,2.1412613,1.7435596,1.5116217,2.908608,2.748636,4.659399,REST
12.812689,4.5787554,2.634388,2.0603397,1.5329709,1.4071248,2.1424286,8.963537,5.8510685,2.2770596,2.0161846,1.6837459,1.5099669,1.7406895,2.046949,3.9268308,REST
9.121404,3.0323257,2.4758837,1.8,1.4370108,1.3019217,1.9416487,7.8603435,3.4409301,1.9506409,2.0062404,1.6446884,1.4404861,1.4370108,1.7161002,2.6925824,REST
7.4823127,3.6803532,2.4176435,1.8096961,1.4159802,1.2308533,1.8041619,6.5616307,2.0615528,2.171405,1.977372,1.6201851,1.430035,1.4035668,1.6462078,1.9403608,REST
7.059391,6.1351447,2.9308703,1.8641351,1.4491377,1.264911,1.7944359,6.4505816,2.2880123,8.037102,2.6381812,1.7190113,1.3982131,1.396424,1.6093477,1.8947295,REST
7.1902714,6.6539464,3.0248966,1.8193405,1.4491377,1.294218,1.7507142,6.4179435,2.4248712,9.215476,2.7982137,1.7492856,1.3638182,1.3453624,1.6062378,1.8425525,REST
7.9821677,7.679518,3.1168895,1.8881208,1.4882876,1.3509257,1.8867962,7.184358,2.527845,10.304126,2.860944,1.7691807,1.4035668,1.430035,1.6748134,1.7790446,REST
8.227393,7.8990507,3.0438464,1.7902514,1.5198684,1.3416407,1.9052559,7.3283696,2.4657655,10.358812,2.8017852,1.6416456,1.3910427,1.4370108,1.6748134,1.8371173,REST
8.654189,7.0689464,3.0033317,1.8384776,1.5280707,1.336039,1.9697716,7.7569323,2.7083206,10.943948,2.6551836,1.6232682,1.4335271,1.454304,1.6643317,1.781853,REST
8.381229,7.0622234,2.9647934,1.8801596,1.5427248,1.3266499,1.9532025,7.664529,2.646696,10.169562,2.598076,1.5874507,1.3982131,1.4781746,1.6777962,1.7874563,REST
8.108329,6.447868,2.8999999,1.8814888,1.4882876,1.294218,1.8654758,7.623647,2.5524497,9.165424,2.4545875,1.5652477,1.3946326,1.4628739,1.6186414,1.8013883,REST
8.099382,6.0975404,2.902585,1.8761663,1.4899665,1.3114877,1.8303005,7.359348,2.5680733,9.096977,2.4052026,1.6124516,1.3892444,1.4491377,1.6355428,1.7406895,REST
7.5617456,5.826234,2.606722,1.8452642,1.6248077,1.3019217,1.762101,6.8585715,1.9052559,5.052722,2.1389248,1.6970563,1.3619839,1.419507,1.6822604,1.7874563,REST
7.5818863,5.496817,2.721213,1.8303005,1.6232682,1.2980754,1.7705932,6.943342,1.8411953,5.5231333,2.0904546,1.6867127,1.3638182,1.4387494,1.6568041,1.8330302,REST
7.5029993,5.3277574,2.6551836,1.7507142,1.6613247,1.336039,1.8425525,6.3741665,1.8934096,5.5493245,2.0603397,1.6583124,1.3322912,1.419507,1.6462078,1.8721646,REST
7.283543,5.9207263,2.7092435,1.7663522,1.6355428,1.3095801,1.8289341,6.387488,1.9506409,5.5924053,2.1154196,1.6217275,1.3619839,1.3747727,1.6093477,1.8973665,REST
7.254998,6.5988636,3.4525354,2.281447,1.7219175,1.6124516,1.8069311,6.191123,1.9131126,4.6695824,2.3989582,1.4832398,1.294218,1.5604486,1.5459626,1.9326148,REST
6.6411595,6.631365,4.8672376,3.5178118,2.2505555,2.2649503,1.8248287,5.3572383,1.9824228,4.017462,4.4362144,1.9026297,1.430035,1.8479718,1.5099669,1.9570385,REST
5.602678,6.326136,5.5753922,4.07431,2.431049,2.3853722,1.7606816,5.066064,2.1118712,4.289522,5.3809853,2.329163,1.5475787,1.8601075,1.5411035,2.3054285,REST
5.0294137,5.3679605,5.5830097,4.1370277,2.425902,2.403123,1.6955825,4.405111,2.0844662,4.048456,5.402314,2.392697,1.5198684,1.9078784,1.5842979,2.3979158,REST
4.9914927,3.4899857,5.1083264,3.897435,2.3065126,2.2113345,1.6703293,4.2889395,2.0322402,3.231099,5.2263756,2.4859605,1.5937377,1.7663522,1.5858752,2.486966,REST
5.8090444,3.1160872,3.7636418,2.8591957,1.8069311,1.5,1.6232682,5.115662,2.0273135,2.6758175,3.6844265,2.285826,1.5083103,1.5149257,1.6170962,2.4929903,REST
6.2976184,3.0049958,2.5455844,1.9786359,1.5378556,1.2589679,1.6,5.461227,1.8960485,1.6598192,2.124853,1.8761663,1.4142135,1.4882876,1.6031219,2.1908903,REST
6.5042295,2.8486838,2.446426,1.805547,1.5604486,1.2922847,1.6340135,5.654202,1.8261982,1.6492423,2.0880613,1.8734994,1.3928388,1.4849242,1.5572411,2.0940392,REST
6.504614,2.8008926,2.3906066,1.6955825,1.5,1.2747549,1.6124516,6.2868915,1.8289341,1.6568041,2.0,1.7320508,1.3820275,1.4747881,1.5394804,2.0748494,REST
6.1656303,2.5495098,2.228228,1.6370705,1.5049918,1.3190906,1.6109004,6.3470464,1.7219175,1.6568041,1.8841443,1.5588458,1.3509257,1.4159802,1.5684388,2.0603397,REST
5.784462,2.513961,2.2671568,1.7014699,1.4696939,1.317194,1.6598192,6.4780397,1.6807736,1.6613247,1.8694919,1.5508063,1.3693064,1.4525839,1.6568041,2.0724382,REST
5.7576036,2.6823497,2.2449944,1.6911534,1.4508618,1.3000001,1.6613247,6.6422887,1.6628289,1.6155494,1.8986838,1.5313393,1.3982131,1.4282857,1.6583124,2.1224985,REST
5.776677,2.6448061,2.215852,1.7131841,1.419507,1.3190906,1.6673332,6.0423503,1.6401219,1.6522712,1.9403608,1.5362291,1.3638182,1.4370108,1.7058722,2.0988092,REST
5.802155,2.6832814,2.2671568,1.7734147,1.4071248,1.3019217,1.7306068,6.090156,1.7334936,1.668832,1.9196354,1.6370705,1.3838352,1.4764823,1.7190113,2.1035686,REST
6.329692,2.8310776,2.2836375,1.7972201,1.4696939,1.3209845,1.7146429,5.7978444,1.6985288,1.6941074,1.9595917,1.6217275,1.3874437,1.423025,1.6792855,2.1319005,REST
6.3725977,2.8521922,2.2891045,1.8801596,1.4949917,1.294218,1.8138357,6.20524,1.7804494,1.6807736,1.9557607,1.6077936,1.3583078,1.4071248,1.7916473,2.1154196,REST
6.1477637,2.9111855,2.338803,1.8986838,1.5443445,1.2708265,1.8234583,5.9181924,1.8138357,1.7334936,1.8734994,1.6109004,1.3435029,1.4335271,1.8152136,2.1095023,REST
6.330482,2.942788,2.3130066,1.8261982,1.4679918,1.3228756,1.7804494,5.714455,1.7734147,1.7334936,1.9170289,1.5732132,1.339776,1.3638182,1.7972201,2.1035686,REST
6.237387,2.9614186,2.2781572,1.7860571,1.524795,1.2884098,1.8179659,5.8309517,1.8193405,1.6507574,1.8774984,1.5827192,1.3038405,1.396424,1.7073371,2.1307275,REST
5.7615104,2.860944,2.2891045,1.7291616,1.5313393,1.3076696,1.7,5.514073,1.8220867,1.6718254,1.8289341,1.554027,1.3435029,1.4159802,1.7306068,2.184033,REST
5.872393,2.8213472,2.3505318,1.7161002,1.5132746,1.2825755,1.7190113,5.9527307,1.7944359,1.5732132,1.8096961,1.534601,1.3416407,1.3693064,1.6583124,2.1691012,REST
5.7048225,2.6981475,2.4494898,2.6485846,1.8947295,1.3946326,1.7262677,6.190719,1.8479718,1.6852299,2.291288,1.8907671,1.5182227,1.4387494,1.7507142,2.3119256,REST
4.9416595,2.6860752,3.268792,3.6912057,1.9583156,1.5083103,1.5763882,5.5425625,1.8533753,1.8248287,2.4647515,1.9949937,1.5763882,1.4628739,1.8,2.3853722,REST
4.609772,2.9034462,3.671512,4.0422764,2.1130548,1.5684388,1.6031219,4.650269,1.8179659,1.8761663,2.5592968,2.0223749,1.5779734,1.4089003,1.6777962,2.3717082,REST
3.914077,2.8539448,3.685105,4.148494,2.144761,1.6294171,1.5588458,4.0620193,1.9118054,1.8907671,2.642915,2.0408332,1.5842979,1.4508618,1.668832,2.366432,REST
3.315117,2.8974128,3.591657,3.671512,1.839837,1.5116217,1.4335271,3.1424513,1.9209373,1.7902514,2.178302,1.7204651,1.4071248,1.3928388,1.5572411,2.3313086,REST
3.7443292,2.6362853,2.9111855,2.6009614,1.6837459,1.4071248,1.4387494,3.753665,1.8947295,1.6926311,2.0062404,1.6140013,1.3379087,1.3490738,1.534601,2.2781572,REST
3.631804,2.1908903,2.2759614,2.0603397,1.430035,1.317194,1.3583078,4.092066,1.8694919,1.6568041,1.9131126,1.5411035,1.317194,1.3601471,1.5049918,2.2427661,REST
3.5825968,2.0892582,2.017424,1.776232,1.37659,1.3019217,1.336039,4.3341665,1.7521415,1.5748016,1.8493242,1.5508063,1.3228756,1.336039,1.5149257,2.2682593,REST
3.7181985,2.02608,2.0112185,1.7406895,1.4439529,1.2884098,1.3546218,4.4407206,1.6718254,1.56205,1.8960485,1.554027,1.352775,1.3546218,1.5198684,2.1954498,REST
3.3451457,2.013703,1.7606816,1.7720045,1.454304,1.3453624,1.4560219,4.421538,1.6568041,1.5165751,1.8083141,1.56205,1.3209845,1.4177446,1.534601,2.0542638,REST
3.421257,2.201136,1.7944359,1.6552945,1.4106736,1.372953,1.5016658,4.5694637,1.6401219,1.555635,1.7578396,1.6015618,1.3133925,1.4071248,1.5443445,2.0554805,REST
3.5630043,2.184033,1.8343936,1.6552945,1.419507,1.371131,1.5280707,4.1334004,1.6718254,1.5905974,1.7592613,1.5491934,1.3247641,1.4,1.5984367,1.9646883,REST
3.2855744,2.194311,1.7058722,1.566844,1.3619839,1.3693064,1.5732132,4.110353,1.7262677,1.5572411,1.7190113,1.534601,1.2806249,1.3820275,1.5684388,1.9326148,REST
3.490702,2.2394195,1.8248287,1.5763882,1.3435029,1.3095801,1.5033296,4.1224995,1.6941074,1.5937377,1.6926311,1.5264337,1.3322912,1.3266499,1.5858752,1.9710404,REST
3.5078485,2.184033,1.7986106,1.5459626,1.3747727,1.2688577,1.4474115,4.2160406,1.7320508,1.5297059,1.7277153,1.5198684,1.3693064,1.356466,1.5362291,1.9196354,REST
3.387477,2.2748628,1.7564168,1.5215124,1.3784049,1.2165525,1.4764823,4.262628,1.6718254,1.5588458,1.6718254,1.5116217,1.3820275,1.3546218,1.4815532,2.0099752,REST
3.524202,2.3313086,1.805547,1.5329709,1.3619839,1.2083046,1.459452,4.4305754,1.5937377,1.5411035,1.6309507,1.554027,1.4265343,1.4035668,1.4662879,1.9416487,REST
3.3786092,2.3323808,1.8234583,1.4124447,1.3638182,1.2186058,1.4282857,4.588028,1.6217275,1.4815532,1.7058722,1.566844,1.4071248,1.3910427,1.396424,1.9455076,REST
3.3384128,2.2869194,1.7578396,1.4645818,1.3619839,1.260952,1.5099669,4.6233106,1.6109004,1.5049918,1.7233688,1.5716233,1.37659,1.3784049,1.4525839,1.9887182,REST
3.2519224,2.2056744,1.776232,1.5066519,1.3601471,1.2629331,1.5,4.759727,1.6015618,1.5231546,1.7720045,1.6140013,1.3982131,1.421267,1.4525839,1.8452642,REST
3.6242242,3.398529,4.07615,4.3737855,2.2726636,1.6124516,1.566844,4.4754887,2.0530465,1.7406895,1.951922,1.7832555,1.4866068,1.5149257,2.9103265,2.0049937,REST
3.4278274,3.4532595,4.281355,4.604346,2.3727622,1.7248188,1.5827192,3.7828562,2.0530465,1.8138357,1.9493588,1.9039433,1.5378556,1.4747881,4.861584,2.0506096,REST
3.6667423,3.7060761,4.3760715,4.678675,2.376973,1.7117243,1.5231546,4.247352,2.1177819,1.8439089,1.9013153,1.8681542,1.6046807,1.5099669,4.8867164,2.1201415,REST
4.9365983,3.8626416,4.447471,4.7127485,2.4093568,1.7549928,1.5443445,4.972424,2.2371857,1.8601075,1.942936,1.8627936,1.5921683,1.4696939,4.886205,2.1897488,REST
7.2622313,3.040559,2.6870058,2.3937418,1.6537836,1.4764823,1.6431677,5.8651514,1.9659604,1.7592613,1.8452642,1.7190113,1.5362291,1.3693064,4.2801867,2.5592968,REST
10.167842,3.1312938,2.403123,2.014944,1.5491934,1.4124447,1.767767,7.0441465,2.0037465,1.8152136,1.8654758,1.6109004,1.5362291,1.4577379,2.1954498,2.7838821,REST
10.866232,3.0430248,2.376973,1.8668154,1.534601,1.372953,1.9222382,7.2425823,1.9557607,1.8574176,1.8761663,1.6852299,1.4265343,1.4265343,2.1494186,2.8618176,REST
11.156612,3.2848136,2.3706539,1.8734994,1.4747881,1.328533,1.9013153,6.8168907,1.9416487,1.9506409,1.8220867,1.7464249,1.4265343,1.4560219,2.1863213,2.9966648,REST
11.151906,3.4474628,2.4103942,1.8934096,1.4404861,1.3209845,1.8761663,6.529931,1.926136,1.9235384,1.7748239,1.6867127,1.3379087,1.4317821,2.1130548,2.8407745,REST
10.667239,3.6884956,2.4849548,1.8814888,1.4247807,1.2767146,1.8533753,6.3776956,1.9274335,1.9248376,1.8452642,1.6911534,1.3266499,1.4577379,1.8152136,2.7613401,REST
10.60165,3.6166282,2.4919872,1.882817,1.4764823,1.3509257,1.8654758,6.3035703,2.046949,1.9924859,1.8986838,1.6703293,1.4282857,1.4899665,1.9144189,2.745906,REST
10.593866,3.3503733,2.5768197,1.9065676,1.5264337,1.3472193,1.9157244,6.7720013,1.9924859,1.9235384,2.0037465,1.6507574,1.4124447,1.4282857,1.8668154,2.6580067,REST
9.9199295,3.069202,2.406242,1.7564168,1.5016658,1.3693064,1.8083141,6.647932,1.9104973,1.8894444,2.059126,1.6955825,1.4439529,1.4611639,1.8261982,2.4698179,REST
9.005832,2.8591957,2.258318,1.7776389,1.5427248,1.3674794,1.7334936,6.457941,1.8601075,1.8289341,2.0457273,1.7073371,1.4106736,1.3982131,1.7592613,2.4919872,REST
8.806815,2.900862,2.285826,1.7846568,1.5378556,1.3546218,1.6031219,6.0765944,1.7635192,1.67332,2.0639768,1.6837459,1.3638182,1.3802173,1.6718254,2.505993,REST
9.024411,2.9555032,2.2034066,1.6926311,1.4611639,1.4089003,1.6926311,6.203225,1.8681542,1.6718254,2.0688162,1.704406,1.3304135,1.4422204,1.7958285,2.5347583,REST
8.652456,3.0618622,2.2967367,1.8220867,1.5083103,1.4071248,1.7291616,6.48691,1.8973665,1.6955825,2.1201415,1.704406,1.3152946,1.3910427,1.7378147,2.522895,REST
7.984673,2.9597297,2.285826,1.7492856,1.4124447,1.3747727,1.8013883,6.520353,1.9377823,1.7578396,2.2880123,1.7262677,1.3490738,1.421267,1.7029387,2.5748787,REST
7.6315136,2.979933,2.2627416,1.6926311,1.4317821,1.3638182,1.7804494,6.4834404,1.9183326,1.7306068,2.2748628,1.7930421,1.3152946,1.4335271,1.7058722,2.4657655,REST
8.48145,3.6235342,3.535534,2.4969983,2.0099752,1.6881943,1.6643317,5.460769,2.462722,4.1261363,3.753665,1.8601075,1.4832398,1.4,1.5779734,2.4889758,REST
7.85398,3.693237,3.6131704,2.6907248,2.046949,1.6718254,1.6,4.450281,2.5961509,4.4034076,3.8131351,1.9209373,1.5033296,1.4,1.7058722,2.5129664,REST
7.1927047,3.6262927,3.6762753,2.8407745,2.1035686,1.7073371,1.4916433,3.3324165,2.6551836,4.4130487,3.7296112,1.9235384,1.4983324,1.3638182,1.6955825,2.4093568,REST
6.803308,3.5206535,3.6823907,2.9206164,2.10119,1.6896745,1.4815532,2.8434134,2.8896368,4.4598207,3.7449965,1.9416487,1.5329709,1.3453624,1.6970563,2.656125,REST
4.491102,2.766767,2.4919872,2.252776,1.5700318,1.2845232,1.5033296,4.5337625,2.4413111,2.4093568,2.215852,1.8814888,1.3928388,1.317194,1.7748239,2.626785,REST
4.679744,2.521904,2.2572107,1.9287301,1.43527,1.2589679,1.5033296,5.479051,2.3537204,1.8627936,2.0049937,1.7592613,1.3674794,1.3435029,1.6955825,2.624881,REST
5.0769086,2.5680733,3.0066593,1.7435596,1.4282857,1.264911,1.4916433,5.8638725,2.2315915,2.225983,3.9949968,1.9532025,1.3874437,1.336039,1.7117243,2.529822,REST
5.60803,2.5913317,3.1527765,1.6155494,1.3874437,1.2349089,1.5066519,5.91608,1.9811612,2.6551836,4.943177,1.9862024,1.3838352,1.356466,1.6462078,2.2472205,REST
5.316954,2.513961,3.1232996,1.5763882,1.3693064,1.2961481,1.4317821,5.4479356,1.9104973,2.6143832,4.952777,1.942936,1.4456832,1.3874437,1.6015618,2.2034066,REST
5.676707,2.5602734,3.2318726,1.6324828,1.43527,1.2980754,1.5099669,5.3446236,1.8371173,2.5855367,5.2000003,2.02608,1.4764823,1.37659,1.5700318,2.162175,REST
6.4521317,2.6990738,2.505993,1.5700318,1.4142135,1.286468,1.5524175,5.739338,1.9634154,2.2616365,4.049074,1.805547,1.421267,1.4,1.6492423,2.3558438,REST
7.455535,2.7504544,2.310844,1.6970563,1.471394,1.372953,1.6477257,6.3146653,1.9583156,1.6507574,3.076524,1.7930421,1.43527,1.4,1.7435596,2.4949949,REST
7.8632054,2.9647934,2.4207437,1.7804494,1.5264337,1.3453624,1.6807736,6.9763885,1.948076,1.7014699,3.0870697,1.7720045,1.3928388,1.4071248,1.7435596,2.4789112,REST
8.433268,2.9291637,2.3738155,1.7435596,1.5700318,1.339776,1.6792855,6.960963,1.9761072,1.7262677,2.6851444,1.7478559,1.43527,1.4370108,1.7663522,2.554408,REST
8.345657,2.8257742,2.3989582,1.8193405,1.5475787,1.2884098,1.7233688,6.696641,1.8867962,1.6568041,2.4566236,1.6822604,1.4370108,1.396424,1.8289341,2.4586582,REST
7.447147,2.7955322,2.5268557,1.8179659,1.5748016,1.2227019,1.668832,6.674953,1.8179659,1.7320508,2.0964255,1.6170962,1.4106736,1.371131,1.8547237,2.3611438,REST
7.244653,2.6391287,2.3259406,1.7958285,1.5198684,1.2247449,1.6807736,6.005414,1.762101,1.6881943,1.9723083,1.6031219,1.4035668,1.328533,1.8641351,2.4,REST
6.315853,2.5865035,2.3227139,1.7663522,1.4404861,1.2747549,1.6777962,6.1428823,1.7291616,1.7378147,1.9735755,1.555635,1.3472193,1.2786711,1.8261982,2.293469,REST
5.895337,2.5932605,2.2880123,1.7146429,1.4560219,1.3152946,1.6462078,6.530314,1.7606816,1.7449929,1.9170289,1.5427248,1.317194,1.3095801,1.7219175,2.3505318,REST
6.1098285,2.5347583,2.143595,1.6462078,1.336039,1.336039,1.6062378,5.994164,1.9183326,1.7349352,1.9364917,1.4781746,1.317194,1.3228756,1.6370705,2.4041631,REST
5.8008623,2.4768932,2.1863213,1.6822604,1.372953,1.3190906,1.5099669,5.628943,1.9836835,1.7860571,2.0322402,1.5684388,1.3228756,1.339776,1.5921683,2.382226,REST
5.8034472,3.34664,3.7443292,2.3748684,1.7392527,1.6015618,1.5443445,4.6395044,2.5855367,2.6870058,3.9830892,2.3043437,1.5329709,1.3416407,1.6093477,2.9163334,REST
5.052227,3.3786092,4.3462625,2.9908192,1.9039433,1.7190113,1.4798648,2.9899833,2.6153393,2.7568097,4.250294,2.4515302,1.6598192,1.4142135,1.5427248,2.8346076,REST
4.7791214,3.351865,4.344537,3.002499,1.9222382,1.6911534,1.5313393,3.2840524,2.5787594,2.7793884,4.229066,2.522895,1.6807736,1.4142135,1.5231546,2.9206164,REST
5.1,3.3941126,4.353734,2.9790938,1.9118054,1.7029387,1.5198684,3.5206535,2.6239283,2.770379,4.2337923,2.53673,1.67332,1.4422204,1.6492423,3.057777,REST
5.714455,2.7775888,3.1408596,2.539685,1.596872,1.4317821,1.4933184,4.179713,1.9949937,1.8920888,2.4768932,1.8841443,1.4577379,1.5016658,1.7535678,2.8071337,REST
6.13433,2.7230496,2.3334525,1.8506756,1.4247807,1.336039,1.5329709,5.146358,1.9887182,1.7349352,1.9131126,1.6970563,1.336039,1.4577379,1.7902514,2.8266587,REST
6.5479,2.7046256,2.32379,1.7592613,1.4317821,1.372953,1.4628739,5.3051863,1.8452642,1.6703293,1.8841443,1.6462078,1.3019217,1.4159802,1.8466185,2.6916537,REST
6.4764957,2.7073972,2.3748684,1.7535678,1.4422204,1.4017845,1.5362291,5.7939625,1.8013883,1.6278821,1.8041619,1.5874507,1.2961481,1.405347,1.7334936,2.5563645,REST
6.4795833,2.5189283,2.295648,1.7262677,1.4679918,1.4017845,1.5459626,5.9135437,1.8207141,1.6385969,1.7349352,1.5874507,1.317194,1.3928388,1.6324828,2.2792542,REST
6.6603303,2.403123,2.1886067,1.7392527,1.4387494,1.328533,1.596872,6.134737,1.8096961,1.7204651,1.7578396,1.6124516,1.3509257,1.3472193,1.596872,2.1272047,REST
6.3592453,2.4093568,2.1748564,1.7720045,1.4849242,1.3341664,1.5937377,6.159951,1.7804494,1.6807736,1.7492856,1.5858752,1.3583078,1.37659,1.5827192,2.008731,REST
6.523036,2.3643181,2.1095023,1.7492856,1.473092,1.3076696,1.6431677,6.4233947,1.7507142,1.6718254,1.7663522,1.5411035,1.3638182,1.3784049,1.6015618,1.948076,REST
6.374951,2.396873,2.184033,1.6852299,1.4317821,1.2747549,1.6077936,6.5635357,1.7014699,1.6186414,1.8069311,1.5811388,1.3910427,1.3152946,1.5763882,1.9052559,REST
6.3835726,2.4758837,2.116601,1.56205,1.4679918,1.2747549,1.6140013,6.6846843,1.5763882,1.5842979,1.7944359,1.5905974,1.3802173,1.3601471,1.56205,1.9735755,REST
6.3635683,2.6019223,2.078461,1.668832,1.524795,1.2489996,1.6792855,7.191314,1.6385969,1.5588458,1.8234583,1.6062378,1.3638182,1.3693064,1.5198684,2.0124612,REST
6.5696273,2.642915,2.2472205,1.7406895,1.5890249,1.2747549,1.6552945,7.2045126,1.6278821,1.5231546,1.776232,1.5890249,1.3638182,1.3379087,1.5508063,1.9506409,REST
6.7223506,2.5874698,2.162175,1.7888544,1.6046807,1.2806249,1.7233688,7.4689355,1.6552945,1.5604486,1.8027756,1.5231546,1.3379087,1.339776,1.5313393,2.008731,REST
6.9054327,2.5622256,2.192031,1.8234583,1.5588458,1.3076696,1.7,7.4145126,1.6703293,1.5264337,1.7306068,1.5132746,1.3546218,1.2806249,1.566844,1.9326148,REST
6.8014703,2.53081,2.182888,1.6926311,1.4882876,1.352775,1.6583124,7.070714,1.6552945,1.5149257,1.6881943,1.459452,1.419507,1.3076696,1.6,1.8894444,REST
6.594316,2.5465662,2.0808651,1.7058722,1.4387494,1.3304135,1.7478559,6.743145,1.5508063,1.56205,1.6837459,1.5182227,1.454304,1.3304135,1.596872,1.8654758,REST
6.6738296,2.5495098,2.0844662,1.6568041,1.396424,1.339776,1.6837459,6.5073037,1.5297059,1.5411035,1.6248077,1.5524175,1.4815532,1.3583078,1.6309507,1.8960485,REST
5.9933295,2.7712812,3.7235734,3.6180105,2.0457273,1.6792855,1.6896745,5.517699,2.2124646,2.3843238,2.184033,1.6658331,1.5732132,1.4124447,1.6140013,2.2394195,REST
5.418948,2.7504544,4.058941,3.906405,2.1354156,1.6970563,1.6492423,4.616817,2.4929903,2.4909837,2.2271059,1.7435596,1.8027756,1.4247807,1.5475787,2.6009614,REST
4.634113,2.7775888,4.1545157,3.9629533,2.1424286,1.7888544,1.5313393,4.5601535,2.6124701,2.5406692,2.3010867,1.8371173,1.858763,1.4335271,1.6416456,2.8151376,REST
4.07615,2.8896368,4.2337923,3.9793215,2.201136,1.7846568,1.5937377,4.546977,2.6220222,2.598076,2.3054285,1.8708287,1.835756,1.43527,1.9183326,3.4503622,REST
4.7953105,2.738613,2.9308703,2.3462737,1.6340135,1.4882876,1.5842979,5.2706738,2.1760056,1.8801596,1.8234583,1.7748239,1.7161002,1.473092,1.8841443,3.259601,REST
6.365925,2.7892652,2.4849548,1.9118054,1.5604486,1.4317821,1.7262677,6.182233,1.9390719,1.8493242,1.811077,1.7564168,1.4456832,1.4159802,1.9118054,3.1614869,REST
7.0405965,2.7775888,2.2671568,1.7874563,1.6248077,1.317194,1.7291616,6.4521317,1.7916473,1.7944359,1.7248188,1.5905974,1.3546218,1.4159802,1.8316659,3.0066593,REST
7.472282,2.712932,2.110687,1.7435596,1.5636495,1.3000001,1.6385969,6.190315,1.8774984,1.7029387,1.7204651,1.5329709,1.419507,1.3802173,1.5411035,2.3622024,REST
7.470609,2.6532998,2.105944,1.7521415,1.5427248,1.2144958,1.6583124,6.3890533,1.7958285,1.7406895,1.7102631,1.4781746,1.4177446,1.3266499,1.6446884,2.3462737,REST
6.8084507,2.626785,2.2,1.7564168,1.4933184,1.1853269,1.5427248,6.237387,1.7277153,1.6507574,1.7334936,1.4317821,1.430035,1.339776,1.6124516,2.1224985,REST
6.9180923,3.248846,3.6124785,1.8411953,1.454304,1.1467345,1.5491934,6.545991,1.7902514,2.505993,5.1802506,1.9761072,1.4645818,1.3946326,1.6568041,2.2124646,REST
7.8399615,3.6762753,5.004498,2.0542638,1.5264337,1.1979148,1.6792855,7.0295806,2.1,4.927474,7.8590713,2.810694,1.5508063,1.4247807,1.7291616,2.258318,REST
8.378544,3.8555155,5.4717455,2.4889758,1.5842979,1.3228756,1.8275666,7.16624,2.3674881,5.296697,8.946228,3.224903,1.6248077,1.4265343,1.7277153,2.4300206,REST
8.887631,3.906405,5.7619443,2.588436,1.6170962,1.3379087,1.9287301,7.327005,2.5387006,5.701316,9.497894,3.3143625,1.5811388,1.4439529,1.7972201,2.6944387,REST
8.897191,3.310589,5.0695167,2.5524497,1.5858752,1.4177446,2.0579116,7.184358,2.6748831,5.4685464,8.337266,3.069202,1.5362291,1.3874437,1.7776389,2.7856777,REST
9.115646,2.9051678,3.7755795,2.4186773,1.5890249,1.3838352,2.046949,6.9386597,2.4454038,3.7309515,6.2948394,2.4072807,1.4071248,1.4035668,1.7291616,2.659887,REST
10.300242,2.8257742,3.083829,2.0062404,1.6124516,1.336039,2.0112185,7.7068152,2.309762,3.2588341,4.698404,1.9403608,1.3247641,1.4142135,1.6941074,2.634388,REST
11.869288,2.8115833,2.5288336,1.8960485,1.5763882,1.3693064,1.9697716,7.844106,2.1851773,2.5199206,3.4292858,1.8027756,1.3019217,1.5016658,1.7464249,2.4748738,REST
12.452108,2.7658634,2.408319,1.7930421,1.566844,1.3057564,1.9326148,8.370783,2.02608,2.3685439,2.9512708,1.7916473,1.3019217,1.5313393,1.7277153,2.4228082,REST
12.2108555,3.6138623,4.0957294,1.9287301,1.5491934,1.3379087,1.9874607,9.024965,2.8248894,2.8991377,5.587486,2.2682593,1.3638182,1.5231546,1.8479718,2.8539448,REST
11.645599,3.6428013,4.6685114,1.9235384,1.5066519,1.3856406,1.9506409,8.374366,2.8618176,3.228777,6.8395905,2.446426,1.37659,1.5132746,1.9065676,3.0306766,REST
10.721474,3.7808728,4.938117,1.9672315,1.4696939,1.3856406,1.9659604,8.207009,2.792848,4.0706263,8.030878,2.6655207,1.4491377,1.4282857,1.9183326,3.11127,REST
11.269427,4.07615,5.0551953,2.0566964,1.5394804,1.4142135,1.9646883,7.8984175,2.7604346,4.2284746,8.191154,2.6645825,1.4335271,1.3747727,1.9183326,3.0454884,REST
10.801389,3.2233524,4.0367064,1.9949937,1.5858752,1.4071248,1.8411953,7.3328032,1.8841443,3.9115214,6.8603935,2.34094,1.3453624,1.3892444,1.8083141,2.712932,REST
10.248658,3.1913948,3.4036746,1.9595917,1.5443445,1.3619839,1.8152136,7.3739405,1.6867127,3.7769036,6.301587,2.1154196,1.339776,1.3874437,1.7860571,2.411431,REST
9.254189,2.9740546,3.0659418,1.858763,1.5378556,1.3190906,1.7986106,7.4769645,1.6658331,3.0659418,5.1293273,1.9364917,1.3038405,1.4089003,1.7131841,2.177154,REST
7.548841,2.6935108,3.0716445,1.9,1.4983324,1.3228756,1.8425525,7.0820193,1.6673332,2.8398943,5.0867476,2.0223749,1.3095801,1.4439529,1.7,2.0988092,REST
7.3171034,2.7504544,2.6860752,1.7944359,1.3820275,1.3095801,1.9222382,7.2062473,1.5984367,2.529822,4.3749285,1.9157244,1.3247641,1.4335271,1.7175565,1.9937402,REST
6.9271207,2.5700195,2.6239283,1.7549928,1.3946326,1.2980754,1.8761663,6.9307284,1.5378556,2.4010415,3.6646965,1.9467922,1.3190906,1.419507,1.7334936,2.1863213,REST
7.2062473,2.5268557,2.4207437,1.7972201,1.4456832,1.3000001,1.9078784,7.102464,1.5716233,2.118962,3.2210248,1.861451,1.2980754,1.4439529,1.7435596,2.2649503,REST
7.3341665,2.4889758,2.1505814,1.7320508,1.3982131,1.328533,1.8506756,6.942622,1.5475787,2.0904546,3.0372686,1.7916473,1.2922847,1.459452,1.7790446,2.3885143,REST
7.11653,2.442335,2.281447,1.7776389,1.421267,1.3435029,1.8248287,6.5238028,1.596872,1.9824228,2.9504237,1.7449929,1.2786711,1.4899665,1.7902514,2.453569,REST
7.092602,2.4949949,2.3727622,1.861451,1.4679918,1.3379087,1.8533753,6.9419017,1.6462078,1.7363756,2.3947861,1.6583124,1.2747549,1.5280707,1.7248188,2.2880123,REST
6.473021,2.5534291,2.5109758,1.8694919,1.5215124,1.4089003,1.858763,6.519202,1.6217275,1.7102631,2.1633308,1.6537836,1.2903488,1.4866068,1.7635192,2.408319,REST
6.721607,2.4758837,2.5377154,1.8493242,1.5132746,1.3838352,1.762101,6.4070272,2.0748494,1.7804494,1.9026297,1.6370705,1.3247641,1.4387494,1.7564168,2.4909837,REST
6.281719,2.719375,2.931723,2.4939928,1.8854707,1.5858752,1.6703293,5.759774,2.829311,1.7958285,2.426932,1.7521415,1.4282857,1.4089003,1.6568041,2.8591957,REST
5.484524,2.6296387,3.535534,3.2054641,2.0408332,1.6492423,1.5921683,4.327817,2.8539448,1.8096961,2.4103942,1.8411953,1.8506756,1.3982131,1.6763054,2.8008926,REST
4.771268,2.588436,3.4662662,3.210919,1.9811612,1.5827192,1.4456832,3.2202485,2.9094672,1.835756,2.3874671,1.8275666,1.8681542,1.3638182,1.5443445,2.5922961,REST
2.6532998,2.529822,3.404409,3.1898277,2.0012496,1.5652477,1.3910427,1.5182227,2.6201146,1.7306068,2.4433582,1.7916473,1.8654758,1.356466,1.4404861,2.3547823,REST
3.3496268,2.3906066,3.160696,2.770379,1.6837459,1.3057564,1.4949917,2.8044608,1.8275666,1.7175565,2.2315915,1.7846568,1.7874563,1.356466,1.5953057,1.835756,REST
4.1886754,2.6664584,2.6823497,2.0037465,1.4747881,1.2206556,1.5604486,3.947151,1.7790446,2.4072807,4.103657,1.9621416,1.36565,1.3190906,1.5984367,1.8934096,REST
4.7291646,2.6105554,3.494281,2.0211382,1.4491377,1.2186058,1.6015618,5.07346,1.7449929,3.550352,5.687706,2.291288,1.3509257,1.3856406,1.7233688,2.018663,REST
6.104916,3.1144822,4.0724683,2.2147236,1.4781746,1.2308533,1.7606816,6.664458,1.8179659,4.2848573,6.9964275,2.5990384,1.3490738,1.4142135,1.8411953,2.156386,REST
6.0485535,3.1898277,4.460942,2.1691012,1.4491377,1.2569805,1.6822604,7.1972218,1.8013883,4.807806,7.9561296,2.740438,1.421267,1.3982131,1.7902514,2.1177819,REST
6.225753,3.0536864,4.4966655,2.0322402,1.419507,1.2509996,1.5779734,6.895288,1.7663522,4.869805,7.846974,2.6286879,1.4798648,1.396424,1.7944359,2.0856652,REST
6.0481405,3.088689,4.181507,2.037155,1.430035,1.2409674,1.6492423,6.7620263,1.6955825,4.7649765,7.72237,2.5777898,1.5329709,1.3802173,1.6807736,1.9874607,REST
5.0089917,2.6673956,3.7456641,1.8774984,1.3638182,1.2165525,1.4696939,5.497727,1.6807736,4.7286363,7.014628,2.3462737,1.5083103,1.3601471,1.5937377,1.8801596,REST
4.622229,2.431049,3.3279123,1.8452642,1.3304135,1.2349089,1.4525839,4.843552,1.6568041,4.3548822,6.548282,2.2068076,1.4882876,1.317194,1.4933184,1.8303005,REST
4.227884,2.2945588,3.1128764,1.7972201,1.3114877,1.2227019,1.4645818,5.169139,1.6598192,4.2355638,6.4132676,2.1679482,1.4177446,1.3472193,1.4662879,1.7944359,REST
4.5072165,2.201136,2.687936,1.6911534,1.2903488,1.2389512,1.3546218,5.083306,1.6658331,3.4467375,5.2730446,1.9144189,1.336039,1.2922847,1.4696939,1.8027756,REST
4.8554096,2.156386,2.4849548,1.6294171,1.3583078,1.2267845,1.371131,5.1845922,1.5921683,2.5961509,4.637348,1.8,1.3152946,1.3133925,1.4456832,1.7435596,REST
4.909684,2.1319005,2.0566964,1.5033296,1.3247641,1.2206556,1.4159802,5.117128,1.4815532,2.2989128,3.4935656,1.6837459,1.2469964,1.3472193,1.4747881,1.6926311,REST
5.10049,2.1633308,1.9157244,1.5132746,1.4089003,1.2688577,1.4747881,4.9122295,1.5,1.6248077,1.9887182,1.6232682,1.2727922,1.3583078,1.4798648,1.6970563,REST
5.2120056,2.266054,1.9583156,1.5652477,1.4247807,1.2903488,1.4508618,5.011487,1.4832398,1.6462078,1.8814888,1.5732132,1.339776,1.3546218,1.5116217,1.7073371,REST
4.9320383,2.2538855,1.9748418,1.5033296,1.3546218,1.264911,1.4899665,5.220632,1.430035,1.5604486,1.9377823,1.5811388,1.3266499,1.3190906,1.5297059,1.7449929,REST
5.375872,2.201136,1.9786359,1.566844,1.4247807,1.2429802,1.4474115,5.254046,1.454304,1.5182227,1.9685019,1.5716233,1.3490738,1.3076696,1.5313393,1.7748239,REST
4.959839,2.1805964,2.0892582,1.926136,1.454304,1.264911,1.3982131,4.909684,2.918904,1.9183326,2.317326,1.7306068,1.3820275,1.2767146,1.5329709,2.0904546,REST
4.1874814,2.0099752,2.3874671,2.2147236,1.6,1.4645818,1.3601471,3.9115214,2.9240384,2.10119,2.9664795,1.8721646,1.4,1.3019217,1.4983324,2.0297782,REST
3.5777087,1.9052559,2.5719643,2.3989582,1.6201851,1.8641351,1.3019217,2.942788,2.9283102,2.1260293,3.078961,1.979899,1.8452642,1.3546218,1.4815532,1.9735755,REST
2.1587033,1.811077,2.5612497,2.4207437,1.6077936,1.8947295,1.2429802,1.668832,2.946184,2.1307275,3.0372686,1.9836835,1.852026,1.339776,1.4628739,1.9235384,REST
1.3133925,1.5874507,2.3430748,2.1283798,1.5066519,1.8439089,1.1661904,1.1979148,1.4764823,1.7363756,2.6814175,1.839837,1.8096961,1.3490738,1.405347,1.496663,REST
1.4,1.4899665,1.8601075,1.7578396,1.3247641,1.6955825,1.183216,1.1853269,1.3982131,1.5033296,1.9493588,1.6628289,1.7790446,1.3453624,1.372953,1.4764823,REST
1.4916433,1.4525839,1.4849242,1.5,1.2786711,1.2549901,1.1789826,1.2247449,1.372953,1.3874437,1.5811388,1.5083103,1.352775,1.3076696,1.3472193,1.496663,REST
1.6881943,1.4696939,1.4159802,1.4017845,1.2288206,1.1937336,1.1423659,1.2688577,1.339776,1.3820275,1.5149257,1.4265343,1.3266499,1.3114877,1.3057564,1.4747881,REST
1.7521415,1.5149257,1.372953,1.3435029,1.1916375,1.1874342,1.1789826,1.2747549,1.3247641,1.3892444,1.5016658,1.421267,1.3152946,1.2884098,1.3228756,1.4866068,REST
1.767767,1.4882876,1.3304135,1.2227019,1.2288206,1.183216,1.2020816,1.2903488,1.3928388,1.4,1.4282857,1.4474115,1.2509996,1.2786711,1.356466,1.5132746,REST
1.7306068,1.5066519,1.3209845,1.2349089,1.2589679,1.1916375,1.1937336,1.2688577,1.4370108,1.4370108,1.43527,1.4560219,1.2206556,1.3152946,1.3453624,1.5149257,REST
1.781853,1.5811388,1.352775,1.2389512,1.2569805,1.1937336,1.2845232,1.2349089,1.4696939,1.4798648,1.4387494,1.4662879,1.2083046,1.2806249,1.3838352,1.5508063,REST
1.9052559,1.6340135,1.37659,1.2569805,1.2589679,1.2041595,1.2767146,1.2227019,1.4983324,1.4916433,1.4560219,1.405347,1.2529964,1.286468,1.3928388,1.554027,REST
1.9824228,1.7349352,1.4265343,1.3057564,1.2489996,1.1597414,1.2786711,1.2961481,1.5182227,1.4916433,1.4508618,1.4089003,1.3000001,1.2961481,1.3638182,1.5700318,REST
2.2124646,1.8193405,1.5165751,1.266886,1.2124356,1.2144958,1.3209845,1.37659,1.5132746,1.4696939,1.4747881,1.3856406,1.3490738,1.2529964,1.3619839,1.5921683,REST
2.1400933,1.8,1.5811388,1.266886,1.2509996,1.2062339,1.2786711,1.473092,1.5394804,1.4933184,1.4679918,1.3784049,1.3674794,1.3341664,1.317194,1.6124516,REST
2.2616365,1.8384776,1.6278821,1.3114877,1.266886,1.2,1.286468,1.5459626,1.5684388,1.5280707,1.4662879,1.4404861,1.356466,1.3095801,1.3190906,1.6077936,REST
2.3515952,1.8681542,1.6658331,1.3638182,1.356466,1.2589679,1.2529964,1.6140013,1.5937377,1.5313393,1.4679918,1.421267,1.3509257,1.3638182,1.328533,1.6077936,REST
2.4494898,1.9144189,1.7146429,1.372953,1.3674794,1.24499,1.2227019,2.2349496,1.5921683,1.5652477,1.4560219,1.4645818,1.339776,1.3892444,1.328533,1.6309507,REST
2.979933,2.0603397,1.8867962,1.4491377,1.3416407,1.3038405,1.3152946,3.0290263,1.56205,1.4882876,1.4282857,1.5198684,1.3601471,1.3509257,1.3379087,1.6628289,REST
3.1280985,2.013703,1.9078784,1.4142135,1.3435029,1.336039,1.3133925,3.435113,1.5066519,1.4933184,1.4404861,1.534601,1.3601471,1.4124447,1.3095801,1.7521415,REST
3.2572994,2.0832667,2.0248456,1.5,1.3416407,1.3509257,1.3892444,3.7302816,1.67332,1.9583156,2.2483327,1.6015618,1.3509257,1.356466,1.4071248,1.9962465,REST
3.0191057,2.008731,2.4413111,1.9672315,1.6248077,1.5684388,1.4142135,3.3645208,1.7535678,2.10119,2.4041631,1.7058722,1.6673332,1.3638182,1.4282857,1.9937402,REST
2.4093568,1.9583156,3.2969682,2.7431734,1.8627936,2.7919528,1.7058722,2.616295,1.7131841,2.1095023,2.4728525,1.805547,3.766298,2.1610184,1.43527,1.8867962,REST
2.2967367,2.2237356,4.1755238,3.4474628,2.1035686,3.3823068,2.513961,2.9376862,1.6748134,2.1505814,2.6645825,1.8708287,3.8418746,3.6262927,1.459452,1.812457,REST
1.9157244,2.0796633,4.2573466,3.5007143,2.1540658,3.5099857,2.522895,3.145632,1.4124447,1.7521415,2.2034066,1.9104973,3.9509492,3.8496752,1.4282857,1.459452,REST
1.8894444,1.9824228,3.994371,3.2825294,2.0964255,3.4576004,2.4819348,3.1898277,1.3000001,1.5890249,2.0223749,1.8096961,3.8111677,3.8425252,1.430035,1.3802173,REST
1.8708287,1.8207141,3.193744,2.6124701,1.9026297,2.5602734,2.238303,3.6898508,1.2806249,1.6155494,1.9248376,1.6852299,1.7478559,3.4770677,1.4404861,1.396424,REST
1.4017845,1.4422204,1.8069311,1.5313393,1.6124516,1.6777962,1.3076696,3.7716045,1.3228756,1.5165751,1.6232682,1.5827192,1.5984367,1.8774984,1.471394,1.3095801,REST
1.3228756,1.3838352,1.3322912,1.2589679,1.4611639,1.36565,1.2922847,3.859404,1.36565,1.4577379,1.4089003,1.4662879,1.3057564,1.3693064,1.4422204,1.3435029,REST
1.3190906,1.43527,1.3322912,1.1874342,1.2569805,1.2806249,1.36565,4.3548822,1.3820275,1.4017845,1.3910427,1.4124447,1.336039,1.372953,1.471394,1.3435029,REST
1.3416407,1.3322912,1.3114877,1.2103719,1.2349089,1.286468,1.3910427,4.5513735,1.3892444,1.3472193,1.4071248,1.6109004,1.5475787,1.317194,1.4949917,1.328533,REST
1.3416407,1.2922847,1.3190906,1.2489996,1.2767146,1.3341664,1.3416407,4.0595565,1.3892444,1.3784049,1.3892444,1.56205,1.5083103,1.3546218,1.4317821,1.3546218,REST
1.3693064,1.2786711,1.3982131,1.2206556,1.3114877,1.294218,1.2589679,3.947151,1.3838352,1.3453624,1.36565,1.5394804,1.5116217,1.3693064,1.4474115,1.3266499,REST
1.372953,1.2288206,1.3619839,1.2267845,1.3266499,1.2786711,1.2227019,3.5,1.3601471,1.3838352,1.4,1.5572411,1.5198684,1.396424,1.405347,1.3190906,REST
1.339776,1.3304135,1.3341664,1.2227019,1.328533,1.2267845,1.1937336,3.057777,1.372953,1.4,1.4035668,1.317194,1.3379087,1.4106736,1.4508618,1.3304135,REST
1.3747727,1.3190906,1.3619839,1.2349089,1.3114877,1.2020816,1.2165525,2.918904,1.3619839,1.3379087,1.4422204,1.371131,1.3747727,1.419507,1.4611639,1.3209845,REST
1.317194,1.3322912,1.3546218,1.2489996,1.2509996,1.1937336,1.2186058,2.2438805,1.3379087,1.4177446,1.430035,1.3583078,1.352775,1.396424,1.4265343,1.2961481,REST
1.5182227,1.4071248,1.352775,1.2961481,1.2308533,1.1467345,1.2569805,2.0651877,1.3453624,1.4422204,1.4035668,1.3856406,1.3076696,1.3152946,1.4577379,1.317194,REST
1.9170289,1.5443445,1.4508618,1.4071248,1.2328827,1.1575837,1.2489996,2.2671568,1.4177446,1.4177446,1.3784049,1.372953,1.3019217,1.3038405,1.3784049,1.36565,REST
2.0988092,1.7916473,1.5182227,1.4422204,1.2124356,1.2041595,1.3435029,2.879236,1.5165751,1.4764823,1.4456832,1.3472193,1.264911,1.2884098,1.419507,1.4798648,REST
2.4155746,1.9052559,1.5049918,1.4899665,1.2369317,1.2144958,1.3946326,3.1906114,1.5215124,1.4679918,1.4815532,1.36565,1.3266499,1.3304135,1.4899665,1.5524175,REST
2.4708297,1.9287301,1.6093477,1.4611639,1.2,1.2429802,1.3946326,3.5552778,1.5459626,1.471394,1.4933184,1.3674794,1.3490738,1.3928388,1.4696939,1.6,REST
2.5436194,1.8774984,1.6401219,1.3892444,1.2020816,1.2469964,1.4335271,3.3608036,1.5116217,1.5427248,1.5636495,1.4247807,1.294218,1.4159802,1.4882876,1.5700318,REST
2.6362853,1.7649362,1.7578396,1.5066519,1.3619839,1.3546218,1.3802173,3.2031236,1.454304,1.5132746,1.5198684,1.4317821,1.336039,1.396424,1.4525839,1.5329709,REST
3.1827662,1.9403608,2.4072807,1.9974984,1.7720045,2.1047566,1.4456832,2.936835,2.3611438,2.453569,2.9622626,1.7320508,1.3453624,1.43527,1.4404861,2.2327113,REST
3.1120734,1.8986838,2.4566236,2.0627651,1.9595917,3.443835,1.9,2.4413111,2.317326,2.442335,2.9908192,1.9748418,3.9724047,1.9836835,1.471394,2.2405357,REST
2.8372521,1.8479718,2.406242,2.0579116,1.9685019,3.5784075,1.9442222,2.0639768,2.302173,2.4361856,2.9740546,1.9836835,4.1629314,2.3505318,1.5033296,2.2594247,REST
7.0961256,2.291288,2.3569047,1.979899,1.8694919,3.541892,1.9235384,3.2931747,2.2847319,2.4909837,2.9949958,2.0542638,4.1671333,2.3547823,1.5313393,2.3579652,REST
7.1407285,2.2538855,1.8384776,1.5264337,1.5165751,3.1559467,1.9013153,3.8762095,1.3856406,1.6643317,1.6462078,1.8013883,4.1665335,2.281447,1.5524175,1.8920888,REST
7.496666,2.3622024,1.8627936,1.4645818,1.339776,1.6278821,1.5198684,4.4933286,1.4317821,1.7014699,1.6401219,1.6015618,1.8316659,1.8452642,1.6093477,1.8934096,REST
7.8517513,2.4919872,1.9287301,1.5684388,1.3509257,1.3856406,1.5066519,5.418948,1.4317821,1.6941074,1.6170962,1.5427248,1.3820275,1.3619839,1.6248077,1.9274335,REST
5.2464275,2.2538855,1.9761072,1.6431677,1.3856406,1.3435029,1.5748016,5.204325,1.4404861,1.6248077,1.6046807,1.4474115,1.3509257,1.3509257,1.6673332,1.8493242,REST
5.1667204,2.156386,1.9455076,1.6062378,1.3546218,1.3490738,1.5427248,5.316954,1.4662879,1.5066519,1.5378556,1.4696939,1.2961481,1.430035,1.6263456,1.7734147,REST
5.2877216,2.1224985,1.9287301,1.5874507,1.372953,1.3247641,1.5099669,5.3390074,1.4560219,1.4508618,1.5033296,1.3638182,1.317194,1.36565,1.5604486,1.7073371,REST
5.334791,2.0988092,1.9352002,1.5116217,1.3416407,1.264911,1.4474115,5.25119,1.4747881,1.4491377,1.5636495,1.3910427,1.3379087,1.3416407,1.5297059,1.7392527,REST
5.006496,1.979899,1.8774984,1.4142135,1.352775,1.2786711,1.4815532,5.339944,1.4696939,1.4747881,1.5921683,1.4662879,1.3453624,1.3095801,1.5016658,1.6985288,REST
5.082814,2.1295538,1.8748333,1.4949917,1.3747727,1.3133925,1.4798648,5.6462374,1.4177446,1.5,1.6109004,1.4933184,1.4265343,1.266886,1.5198684,1.6568041,REST
4.848711,2.0940392,1.8041619,1.5378556,1.3546218,1.2980754,1.5016658,5.670538,1.421267,1.5459626,1.6263456,1.5716233,1.4645818,1.3000001,1.5066519,1.6537836,REST
5.315073,2.0481699,1.7720045,1.5524175,1.3674794,1.317194,1.5378556,5.2100863,1.4747881,1.5313393,1.6355428,1.5795568,1.459452,1.2980754,1.5099669,1.596872,REST
5.2254186,2.0772579,1.767767,1.6015618,1.3379087,1.2489996,1.4983324,5.0581617,1.473092,1.5313393,1.5921683,1.5858752,1.4142135,1.2806249,1.5049918,1.5953057,REST
5.4516053,1.9987496,1.7720045,1.6370705,1.317194,1.264911,1.5049918,4.616817,1.4882876,1.4983324,1.5362291,1.5890249,1.3095801,1.3209845,1.4815532,1.5636495,REST
5.5190578,1.9836835,1.7435596,1.5921683,1.2825755,1.2409674,1.459452,4.374357,1.5033296,1.4899665,1.5182227,1.554027,1.2529964,1.3000001,1.4916433,1.566844,REST
4.705316,1.9209373,1.7406895,1.5231546,1.2961481,1.195826,1.4899665,4.4062457,1.43527,1.4696939,1.4866068,1.5732132,1.2124356,1.266886,1.5,1.56205,REST
4.6610084,1.8479718,1.6911534,1.5459626,1.37659,1.2688577,1.430035,4.198809,1.459452,1.471394,1.4849242,1.5049918,1.2529964,1.3019217,1.5049918,1.5198684,REST
4.049074,1.7349352,1.6294171,1.4560219,1.3892444,1.2247449,1.4017845,4.0908437,1.4491377,1.4370108,1.5362291,1.5280707,1.266886,1.266886,1.4916433,1.5116217,REST
3.4095454,1.6985288,1.6385969,1.5748016,1.4628739,1.356466,1.352775,3.6304271,1.776232,1.4764823,1.6077936,1.5684388,1.3038405,1.317194,1.4849242,2.0952327,REST
3.0643108,1.6155494,1.6170962,1.5984367,1.4611639,1.3856406,1.2569805,3.3045423,1.7832555,1.496663,1.5763882,1.5795568,1.3209845,1.3693064,1.4370108,2.0554805,REST
2.3853722,1.5700318,1.6763054,1.5297059,1.4798648,1.3784049,1.3133925,3.8716922,1.7535678,1.4525839,1.5937377,1.5795568,1.36565,1.4177446,1.4089003,2.0579116,REST
3.0413814,1.6598192,1.704406,1.5491934,1.4508618,1.3910427,1.3838352,4.109136,1.7291616,1.5182227,1.5953057,1.56205,1.3892444,1.4525839,1.4439529,2.0359273,REST
3.2465365,1.7649362,1.8343936,1.5411035,1.3693064,1.286468,1.4474115,4.534865,1.3982131,1.4899665,1.496663,1.5049918,1.4106736,1.430035,1.4696939,1.4177446,REST
3.9166312,1.9390719,1.9144189,1.6155494,1.3693064,1.2845232,1.4882876,4.9689035,1.430035,1.4882876,1.5362291,1.4404861,1.5198684,1.4577379,1.5459626,1.5937377,REST
4.59565,1.9887182,1.9390719,1.7073371,1.2349089,1.286468,1.4560219,4.7444706,1.5280707,1.5524175,1.5475787,1.4525839,1.4560219,1.4159802,1.5890249,1.6658331,REST
4.316828,2.1071308,2.0049937,1.7190113,1.3076696,1.2922847,1.4142135,4.5304523,1.5811388,1.5937377,1.534601,1.430035,1.4628739,1.356466,1.566844,1.7888544,REST
4.6189823,2.1412613,1.9786359,1.6837459,1.317194,1.2845232,1.4177446,4.398295,1.6248077,1.6324828,1.6170962,1.423025,1.4491377,1.419507,1.6155494,1.8973665,REST
4.6405816,2.144761,2.0112185,1.6263456,1.336039,1.264911,1.4696939,4.4418464,1.6155494,1.668832,1.5795568,1.4577379,1.3856406,1.3874437,1.5890249,1.8179659,REST
4.411916,2.1633308,2.04939,1.5763882,1.36565,1.2267845,1.5099669,4.6238513,1.6046807,1.6477257,1.5795568,1.4422204,1.4439529,1.4089003,1.5763882,1.8330302,REST
4.43396,2.0530465,1.9949937,1.5684388,1.3601471,1.1979148,1.5083103,4.851804,1.6309507,1.566844,1.5905974,1.4747881,1.4387494,1.4335271,1.5811388,1.7334936,REST
4.6717234,2.0940392,1.9326148,1.4933184,1.3379087,1.2186058,1.5700318,5.2683015,1.6248077,1.5198684,1.5116217,1.5313393,1.4508618,1.371131,1.5297059,1.6881943,REST
4.4452224,2.1118712,1.8934096,1.5149257,1.317194,1.2629331,1.5116217,5.3089547,1.6370705,1.4983324,1.5313393,1.534601,1.3838352,1.3982131,1.5033296,1.7478559,REST
4.707441,2.1130548,1.8627936,1.473092,1.3304135,1.286468,1.4815532,5.053217,1.6324828,1.5604486,1.4764823,1.5684388,1.3057564,1.372953,1.5083103,1.7888544,REST
4.6760025,2.0676074,1.8894444,1.5165751,1.328533,1.3114877,1.4882876,5.150243,1.5890249,1.5779734,1.5198684,1.5394804,1.2903488,1.3747727,1.4882876,1.7972201,REST
4.634652,1.9532025,1.8867962,1.5099669,1.356466,1.2903488,1.4177446,5.096077,1.5362291,1.5748016,1.5313393,1.4849242,1.2489996,1.3946326,1.4949917,1.7888544,REST
4.762877,1.8774984,1.8330302,1.4679918,1.3874437,1.2747549,1.4247807,4.9919934,1.5636495,1.5937377,1.524795,1.4508618,1.2825755,1.3416407,1.5313393,1.7392527,REST
4.5414753,3.238055,2.013703,1.6896745,1.6232682,1.4387494,1.4696939,4.7434163,2.392697,1.6643317,1.6643317,1.4949917,1.3076696,1.3076696,1.5394804,1.7088008,REST
4.3162484,3.315117,2.2293496,1.9761072,1.7507142,1.4832398,1.4882876,4.4056783,2.433105,1.7464249,1.805547,1.5033296,1.3509257,1.328533,1.5475787,1.7291616,REST
3.7369773,3.7296112,2.2671568,2.1142373,1.8801596,1.6370705,1.4404861,3.907045,2.8887713,1.7190113,1.8734994,1.5362291,1.4071248,1.3190906,1.4832398,1.7291616,REST
3.163068,3.720887,2.2405357,2.123676,1.8986838,1.6792855,1.419507,3.6297383,2.8407745,1.6613247,1.8627936,1.5716233,1.473092,1.3583078,1.4422204,1.6881943,REST
2.2923787,2.5553865,2.0542638,1.9583156,1.7291616,1.5362291,1.4679918,3.9096036,2.1470912,1.5362291,1.7478559,1.5132746,1.5362291,1.3802173,1.4035668,1.5636495,REST
2.1494186,2.426932,1.7734147,1.5763882,1.5716233,1.4456832,1.4017845,3.7795503,2.0639768,1.454304,1.5378556,1.4628739,1.5116217,1.37659,1.4177446,1.5748016,REST
5.0808463,1.9646883,1.8179659,1.4611639,1.4491377,1.2629331,1.4370108,4.586393,1.371131,1.496663,1.4781746,1.4474115,1.4679918,1.4142135,1.4815532,1.5475787,REST
6.3134775,2.1494186,2.09165,1.5,1.4456832,1.1895378,1.5953057,5.675826,1.4017845,1.6140013,1.5329709,1.5475787,1.3892444,1.4142135,1.6046807,1.7102631,REST
6.8121214,2.3151674,2.1047566,1.5748016,1.4422204,1.174734,1.5182227,5.8068924,1.3838352,1.5716233,1.6031219,1.5362291,1.3341664,1.4387494,1.6031219,1.781853,REST
7.3460875,2.4207437,2.1908903,1.6401219,1.4439529,1.2589679,1.6015618,6.1326995,1.454304,1.5652477,1.6911534,1.5921683,1.3228756,1.423025,1.5827192,1.7972201,REST
5.9523106,2.285826,2.1459265,1.6867127,1.4247807,1.3076696,1.6507574,5.778408,1.4159802,1.56205,1.7058722,1.596872,1.317194,1.339776,1.6792855,1.8814888,REST
5.2825184,2.2237356,2.0530465,1.7349352,1.3982131,1.3190906,1.5732132,5.307542,1.4491377,1.4949917,1.6852299,1.5443445,1.3509257,1.286468,1.5984367,1.7944359,REST
5.375407,2.1272047,2.078461,1.6673332,1.36565,1.3674794,1.6077936,5.651991,1.471394,1.5411035,1.6763054,1.5394804,1.328533,1.2529964,1.5198684,1.7705932,REST
5.56956,2.124853,2.1095023,1.7291616,1.396424,1.3190906,1.6248077,5.8420887,1.4508618,1.5905974,1.6201851,1.5748016,1.4,1.260952,1.5779734,1.7535678,REST
5.6947346,2.1342444,2.2147236,1.6537836,1.3674794,1.2727922,1.6492423,6.2557974,1.4781746,1.6416456,1.6015618,1.5652477,1.4017845,1.2825755,1.5066519,1.7306068,REST
8.223746,2.9206164,2.4402869,1.6911534,1.4177446,1.3038405,1.8303005,6.616646,1.6837459,1.7972201,1.6673332,1.5732132,1.3820275,1.3490738,1.6852299,2.6000001,REST
9.348797,3.1614869,2.5961509,1.9583156,1.4899665,1.2409674,2.0359273,6.9792547,4.2755117,1.8694919,1.6718254,1.6170962,1.3802173,1.4335271,1.8973665,3.6489725,REST
10.670286,3.315117,2.5641763,1.9157244,1.496663,1.3152946,2.0615528,7.23533,4.9819674,1.9131126,1.7320508,1.6416456,1.328533,1.454304,1.9899749,4.784872,REST
11.409864,3.3756483,2.505993,1.9862024,1.5099669,1.3892444,2.1295538,7.924014,5.2072067,1.8881208,1.8027756,1.6355428,1.3509257,1.471394,1.9735755,4.8507733,REST
10.020978,2.7221315,2.2192342,1.9493588,1.4577379,1.3304135,1.9786359,7.538236,5.159457,1.7492856,1.7592613,1.5604486,1.352775,1.4335271,1.776232,4.4390316,REST
9.151775,2.4454038,2.1154196,1.7734147,1.4422204,1.3601471,1.7521415,6.969218,3.3667493,1.7,1.861451,1.5779734,1.3874437,1.3874437,1.6613247,3.6256034,REST
7.318128,2.1817424,2.0868638,1.7748239,1.4282857,1.3038405,1.7578396,6.6483083,2.2293496,1.6852299,1.8947295,1.4662879,1.3638182,1.4177446,1.5378556,1.9078784,REST
6.0344844,2.0736442,2.192031,1.7564168,1.4949917,1.266886,1.6077936,5.685948,1.6867127,1.6552945,2.0940392,1.5116217,1.37659,1.36565,1.4983324,1.7204651,REST
5.4115615,2.066398,2.2315915,1.7734147,1.4933184,1.3152946,1.6093477,5.7052608,1.6537836,1.6568041,2.215852,1.6,1.371131,1.3322912,1.5411035,1.6881943,REST
5.108816,2.0880613,2.2759614,1.8138357,1.4696939,1.356466,1.6124516,5.5830097,1.6477257,1.6763054,2.238303,1.5779734,1.3619839,1.3114877,1.459452,1.7421252,REST
5.1429563,2.0952327,2.2338307,1.805547,1.419507,1.371131,1.5491934,5.617384,1.6507574,1.6598192,2.2880123,1.6477257,1.3802173,1.2409674,1.4628739,1.7406895,REST
5.5977674,2.221486,2.192031,1.8013883,1.3674794,1.3490738,1.6385969,5.4886246,1.6109004,1.6552945,2.166795,1.6309507,1.339776,1.2629331,1.4764823,1.6852299,REST
5.9279003,2.2226112,2.251666,1.8452642,1.3820275,1.336039,1.668832,5.8146367,1.6109004,1.6201851,2.09165,1.596872,1.3322912,1.2786711,1.471394,1.7306068,REST
5.711392,2.2682593,2.2880123,1.8138357,1.4017845,1.2708265,1.6896745,6.0137343,1.56205,1.5459626,2.0772579,1.6170962,1.3000001,1.3019217,1.5716233,1.7277153,REST
5.725382,2.2549944,2.317326,1.8096961,1.4679918,1.264911,1.6748134,5.7258186,1.5280707,1.5099669,2.0236106,1.6140013,1.2806249,1.3341664,1.5411035,1.6837459,REST
5.3781967,2.2237356,2.285826,1.7972201,1.4370108,1.2845232,1.5984367,5.9354863,1.5427248,1.5716233,1.9836835,1.6201851,1.2980754,1.3509257,1.5491934,1.7832555,REST
5.3693576,2.225983,2.2449944,1.7190113,1.4247807,1.286468,1.5524175,5.6453524,1.5329709,1.6170962,1.9557607,1.6613247,1.3190906,1.3874437,1.555635,1.7592613,REST
5.242137,2.1748564,2.1400933,1.6355428,1.3820275,1.3583078,1.524795,5.5231333,1.5524175,1.6232682,1.9532025,1.6309507,1.4177446,1.3982131,1.4832398,1.762101,REST
5.0882215,2.2836375,2.3075962,1.7435596,1.3910427,1.3619839,1.6263456,5.8821764,1.524795,1.6109004,1.9962465,1.7248188,1.4422204,1.36565,1.4899665,1.7421252,REST
4.9764442,2.2461078,2.2726636,1.7014699,1.3946326,1.328533,1.6446884,6.0257783,1.5636495,1.5572411,2.0542638,1.6718254,1.4983324,1.3472193,1.4832398,1.6385969,REST
4.4221034,2.2124646,2.2349496,1.668832,1.405347,1.3341664,1.6477257,5.8821764,1.5329709,1.5,2.0832667,1.6703293,1.4628739,1.3509257,1.471394,1.6217275,REST
4.535416,2.2113345,2.1679482,1.704406,1.37659,1.2903488,1.6263456,5.5574274,1.5329709,1.5508063,2.0844662,1.6718254,1.4,1.3152946,1.5508063,1.7088008,REST
2.1702535,2.152905,2.236068,1.8721646,1.3874437,1.454304,1.1640447,1.3638182,2.88704,1.5748016,1.5874507,1.6416456,1.430035,1.3638182,1.4628739,2.1908903,REST
2.0161846,1.8289341,1.4849242,1.3114877,1.2589679,1.4106736,1.161895,1.336039,1.6492423,1.5231546,1.4611639,1.5475787,1.3820275,1.3490738,1.4017845,1.7117243,REST
2.0124612,1.6568041,1.4387494,1.2747549,1.2328827,1.2922847,1.1683321,1.3892444,1.5329709,1.4798648,1.4106736,1.4247807,1.3076696,1.352775,1.3892444,1.6896745,REST
1.9287301,1.5572411,1.396424,1.2708265,1.2549901,1.2589679,1.2529964,1.3266499,1.5700318,1.4491377,1.3856406,1.421267,1.2489996,1.3583078,1.4317821,1.8986838,REST
1.9144189,1.5700318,1.4177446,1.3038405,1.2845232,1.3038405,1.2529964,1.3619839,1.5491934,1.454304,1.4282857,1.4282857,1.2922847,1.356466,1.4017845,1.9442222,REST
1.9532025,1.6777962,1.405347,1.2589679,1.294218,1.2549901,1.3000001,1.4106736,1.6673332,1.3856406,1.3784049,1.5016658,1.3247641,1.3304135,1.4525839,1.9493588,REST
2.0062404,1.7592613,1.3892444,1.2747549,1.2884098,1.2041595,1.286468,1.3747727,1.9144189,1.4317821,1.3910427,1.4387494,1.372953,1.3638182,1.4949917,2.007486,REST
2.1702535,1.7790446,1.4282857,1.264911,1.3057564,1.2429802,1.2328827,1.4142135,1.9748418,1.4335271,1.371131,1.4983324,1.3784049,1.3472193,1.4628739,1.7291616,REST
2.20794,1.7535678,1.4089003,1.2308533,1.3000001,1.1768602,1.2247449,1.405347,2.0651877,1.4577379,1.3892444,1.4949917,1.3114877,1.3509257,1.5215124,1.7507142,REST
2.2192342,1.6822604,1.356466,1.2589679,1.2469964,1.2469964,1.183216,1.356466,1.9924859,1.4577379,1.4124447,1.4882876,1.2708265,1.3601471,1.4899665,1.7131841,REST
2.1679482,1.6324828,1.286468,1.2247449,1.2629331,1.3019217,1.1661904,1.3874437,1.8371173,1.4404861,1.3982131,1.5198684,1.2227019,1.3784049,1.4679918,1.6598192,REST
2.1725562,1.6658331,1.2708265,1.2227019,1.2369317,1.3982131,1.1874342,1.3946326,1.7635192,1.4124447,1.371131,1.5149257,1.260952,1.405347,1.4679918,1.6431677,REST
2.1908903,1.7291616,1.3152946,1.260952,1.2469964,1.4798648,1.2124356,1.3910427,1.668832,1.430035,1.3747727,1.5264337,1.286468,1.6401219,1.4282857,1.596872,REST
2.1365862,1.8439089,1.3416407,1.2469964,1.264911,2.197726,1.3546218,1.3802173,1.8425525,1.5215124,1.3838352,1.4781746,1.3379087,2.0408332,1.5132746,1.6062378,REST
2.1095023,1.8774984,1.372953,1.2489996,1.2688577,2.6286879,1.4404861,1.3546218,1.8560711,1.5198684,1.405347,1.4335271,1.3638182,2.3119256,1.5394804,1.5588458,REST
2.0310097,1.8986838,1.5937377,1.356466,1.36565,2.9068882,1.5313393,1.339776,1.9287301,1.5491934,1.4798648,1.3019217,1.3453624,2.3780243,1.5016658,1.9862024,REST
7.6615925,14.840317,8.8394,6.1061444,3.2848136,5.4032397,4.835804,6.155079,7.4421096,10.272536,6.676451,3.342155,2.4718413,7.421927,2.0760539,5.054701,FIST
9.25986,12.379418,6.0564017,4.0068693,2.9849622,5.3884134,3.078961,8.658233,7.4010134,10.1703,6.6988807,3.2695565,5.5226803,7.9037967,2.3151674,5.2654533,FIST
11.120027,6.3466525,7.9312673,3.879433,2.9257479,9.15478,5.5941935,11.133059,4.9537864,7.2715197,7.272551,3.751,5.991661,8.642048,2.832843,4.4754887,FIST
13.223275,5.9245253,10.012242,4.244997,2.886174,10.980892,7.4121523,12.998076,5.4854355,6.228162,10.449402,5.2583265,6.3233695,11.329387,3.4029398,4.630335,FIST
13.315968,6.17333,10.683632,4.388052,2.9453354,12.212698,8.240146,16.616257,5.7719145,6.2365856,12.233151,5.685948,6.742403,13.866687,4.158125,4.941154,FIST
13.456411,6.3564925,11.378927,4.233202,2.791057,13.234613,9.171968,16.65518,6.3490157,6.6283484,13.744271,6.216108,4.9507575,15.279398,4.9689035,5.452064,FIST
13.468481,5.517246,10.341421,3.9881072,2.8381333,11.573894,8.307827,17.365915,6.368281,6.4567795,13.985886,6.2169127,4.6781406,13.863441,4.9050994,5.6391487,FIST
12.544919,5.235456,9.775736,3.7689521,2.9111855,10.854953,7.9199114,17.819792,5.4598536,6.090156,12.471367,5.3277574,4.981466,13.82769,5.1710734,5.678468,FIST
12.691927,5.3646994,9.854694,3.6952672,2.793743,10.926802,7.46927,15.173826,4.420973,5.379591,11.553787,5.328696,5.5964274,12.113215,5.0179677,5.6648035,FIST
13.800181,10.389899,9.906058,4.509989,3.77293,9.325502,6.629857,14.076043,8.419026,7.346768,11.0415125,5.176872,8.944272,10.150124,4.6524186,5.927057,FIST
13.054118,12.999423,11.12969,5.0769086,3.866523,8.364807,5.936329,11.150112,10.157756,10.768473,11.819475,5.9682493,8.710339,9.120307,4.2520585,5.674945,FIST
12.360623,13.0799465,10.786334,5.4621425,3.956008,7.0682387,4.2520585,7.846337,11.086253,11.097072,11.919732,6.169684,8.34446,5.363767,3.4727511,5.7467384,FIST
10.644952,12.987109,10.1847925,5.8292365,3.9452503,4.2632146,3.369718,3.7436614,11.146973,11.253444,10.952625,5.781436,7.8597074,2.9231832,2.8257742,5.3460264,FIST
7.306846,9.671091,12.373359,12.330045,6.592799,4.415314,2.0976176,2.541653,8.027764,9.768061,10.0657835,6.194352,6.917008,1.9287301,1.7748239,4.2632146,FIST
